index,phase,start_ts,end_ts,dur_us
0,SearchMusic(),694836939813,694836939831,18
1,SearchMusic(),694836939832,694836939833,1
2,SearchMusic(),694836939842,694836939842,0
3,SearchMusic(),694836939845,694836939845,0
4,LoadMusic(),694836946950,694836946953,3
5,LoadMusic(),694836956933,694836956936,3
6,LoadMusic(),694836966971,694836966976,5
7,LoadMusic(),694836976903,694836976907,4
8,LoadMusic(),694836986986,694836986989,3
9,LoadMusic(),694836996968,694836996974,6
10,LoadMusic(),694837006982,694837006985,3
11,LoadMusic(),694837016920,694837016925,5
12,LoadMusic(),694837026977,694837026981,4
13,LoadMusic(),694837036965,694837036971,6
14,LoadMusic(),694837046964,694837046967,3
15,LoadMusic(),694837057000,694837057005,5
16,LoadMusic(),694837067027,694837067033,6
17,LoadMusic(),694837076972,694837076977,5
18,LoadMusic(),694837087019,694837087025,6
19,LoadMusic(),694837097023,694837097030,7
20,LoadMusic(),694837107288,694837107300,12
21,LoadMusic(),694837117040,694837117047,7
22,LoadMusic(),694837126960,694837126965,5
23,LoadMusic(),694837137037,694837137043,6
24,LoadMusic(),694837147005,694837147010,5
25,LoadMusic(),694837157075,694837157082,7
26,LoadMusic(),694837167043,694837167050,7
27,LoadMusic(),694837177059,694837177067,8
28,LoadMusic(),694837187033,694837187041,8
29,LoadMusic(),694837197062,694837197069,7
30,LoadMusic(),694837206992,694837206998,6
31,LoadMusic(),694837217031,694837217037,6
32,LoadMusic(),694837226899,694837226903,4
33,LoadMusic(),694837236940,694837236944,4
34,LoadMusic(),694837246946,694837246951,5
35,LoadMusic(),694837256909,694837256914,5
36,LoadMusic(),694837266897,694837266900,3
37,LoadMusic(),694837277010,694837277013,3
38,LoadMusic(),694837287012,694837287016,4
39,LoadMusic(),694837296988,694837296992,4
40,LoadMusic(),694837306959,694837306963,4
41,LoadMusic(),694837316975,694837316979,4
42,LoadMusic(),694837326960,694837326964,4
43,LoadMusic(),694837336909,694837336911,2
44,LoadMusic(),694837346978,694837346981,3
45,LoadMusic(),694837356925,694837356929,4
46,LoadMusic(),694837366973,694837366975,2
47,LoadMusic(),694837376875,694837376879,4
48,LoadMusic(),694837386909,694837386914,5
49,LoadMusic(),694837396913,694837396929,16
50,LoadMusic(),694837406927,694837406931,4
51,LoadMusic(),694837416915,694837416919,4
52,LoadMusic(),694837426952,694837426957,5
53,LoadMusic(),694837436928,694837436931,3
54,LoadMusic(),694837446895,694837446903,8
55,LoadMusic(),694837456925,694837456928,3
56,LoadMusic(),694837466923,694837466927,4
57,LoadMusic(),694837476926,694837476929,3
58,LoadMusic(),694837486956,694837486961,5
59,LoadMusic(),694837496992,694837496997,5
60,LoadMusic(),694837507017,694837507022,5
61,LoadMusic(),694837517035,694837517040,5
62,LoadMusic(),694837527007,694837527012,5
63,LoadMusic(),694837537059,694837537064,5
64,LoadMusic(),694837546903,694837546908,5
65,LoadMusic(),694837556929,694837556934,5
66,LoadMusic(),694837566926,694837566930,4
67,LoadMusic(),694837576945,694837576949,4
68,LoadMusic(),694837586952,694837586957,5
69,LoadMusic(),694837596889,694837596896,7
70,LoadMusic(),694837606975,694837606978,3
71,LoadMusic(),694837616947,694837616950,3
72,LoadMusic(),694837626980,694837626985,5
73,LoadMusic(),694837636906,694837636910,4
74,LoadMusic(),694837646989,694837646992,3
75,LoadMusic(),694837656941,694837656945,4
76,LoadMusic(),694837667009,694837667012,3
77,LoadMusic(),694837676924,694837676928,4
78,LoadMusic(),694837686937,694837686942,5
79,LoadMusic(),694837696921,694837696926,5
80,LoadMusic(),694837706975,694837706979,4
81,LoadMusic(),694837716986,694837716991,5
82,LoadMusic(),694837726992,694837726996,4
83,LoadMusic(),694837736973,694837736976,3
84,LoadMusic(),694837747054,694837747057,3
85,LoadMusic(),694837756996,694837757001,5
86,LoadMusic(),694837766926,694837766928,2
87,LoadMusic(),694837776934,694837776940,6
88,LoadMusic(),694837787125,694837787130,5
89,LoadMusic(),694837796994,694837797024,30
90,LoadMusic(),694837806934,694837806945,11
91,LoadMusic(),694837817012,694837817016,4
92,LoadMusic(),694837826896,694837826902,6
93,LoadMusic(),694837836978,694837836982,4
94,LoadMusic(),694837846984,694837846990,6
95,LoadMusic(),694837856966,694837856968,2
96,LoadMusic(),694837866903,694837866907,4
97,LoadMusic(),694837877042,694837877047,5
98,LoadMusic(),694837887148,694837887156,8
99,LoadMusic(),694837897190,694837897202,12
100,LoadMusic(),694837907362,694837907376,14
101,LoadMusic(),694837917172,694837917179,7
102,LoadMusic(),694837927349,694837927360,11
103,LoadMusic(),694837937288,694837937304,16
104,LoadMusic(),694837947207,694837947213,6
105,LoadMusic(),694837957375,694837957391,16
106,LoadMusic(),694837967502,694837967517,15
107,LoadMusic(),694837977317,694837977333,16
108,LoadMusic(),694837987265,694837987281,16
109,LoadMusic(),694837996977,694837996982,5
110,LoadMusic(),694838006953,694838006957,4
111,LoadMusic(),694838016956,694838016960,4
112,LoadMusic(),694838027087,694838027094,7
113,LoadMusic(),694838037074,694838037080,6
114,LoadMusic(),694838047205,694838047214,9
115,LoadMusic(),694838057277,694838057291,14
116,LoadMusic(),694838067410,694838067423,13
117,LoadMusic(),694838077360,694838077376,16
118,LoadMusic(),694838087562,694838087578,16
119,LoadMusic(),694838097367,694838097383,16
120,LoadMusic(),694838107377,694838107394,17
121,LoadMusic(),694838117400,694838117415,15
122,LoadMusic(),694838127387,694838127403,16
123,LoadMusic(),694838137447,694838137462,15
124,LoadMusic(),694838147340,694838147356,16
125,LoadMusic(),694838157371,694838157387,16
126,LoadMusic(),694838167721,694838167737,16
127,LoadMusic(),694838177414,694838177429,15
128,LoadMusic(),694838187328,694838187343,15
129,LoadMusic(),694838197369,694838197385,16
130,LoadMusic(),694838207397,694838207413,16
131,LoadMusic(),694838217367,694838217383,16
132,LoadMusic(),694838227352,694838227367,15
133,LoadMusic(),694838237453,694838237469,16
134,LoadMusic(),694838247332,694838247421,89
135,LoadMusic(),694838257245,694838257261,16
136,LoadMusic(),694838267242,694838267251,9
137,LoadMusic(),694838277318,694838277332,14
138,LoadMusic(),694838287571,694838287580,9
139,LoadMusic(),694838297286,694838297299,13
140,LoadMusic(),694838307221,694838307228,7
141,LoadMusic(),694838317347,694838317364,17
142,LoadMusic(),694838327377,694838327385,8
143,LoadMusic(),694838337499,694838337521,22
144,LoadMusic(),694838347114,694838347121,7
145,LoadMusic(),694838357102,694838357111,9
146,LoadMusic(),694838367133,694838367138,5
147,LoadMusic(),694838377147,694838377153,6
148,LoadMusic(),694838387659,694838387682,23
149,LoadMusic(),694838396981,694838396984,3
150,LoadMusic(),694838407024,694838407027,3
151,LoadMusic(),694838416914,694838416925,11
152,LoadMusic(),694838426956,694838426961,5
153,LoadMusic(),694838437128,694838437136,8
154,LoadMusic(),694838446944,694838446949,5
155,LoadMusic(),694838456925,694838456930,5
156,LoadMusic(),694838466934,694838466938,4
157,LoadMusic(),694838476906,694838476911,5
158,LoadMusic(),694838486987,694838486991,4
159,LoadMusic(),694838496897,694838496898,1
160,LoadMusic(),694838506943,694838506947,4
161,LoadMusic(),694838516958,694838516963,5
162,LoadMusic(),694838526975,694838526980,5
163,LoadMusic(),694838537067,694838537072,5
164,LoadMusic(),694838546907,694838546913,6
165,LoadMusic(),694838556953,694838556959,6
166,LoadMusic(),694838566909,694838566912,3
167,LoadMusic(),694838576909,694838576914,5
168,LoadMusic(),694838586950,694838586955,5
169,LoadMusic(),694838596959,694838596963,4
170,LoadMusic(),694838606960,694838606966,6
171,LoadMusic(),694838617040,694838617048,8
172,LoadMusic(),694838626985,694838626990,5
173,LoadMusic(),694838636965,694838636972,7
174,LoadMusic(),694838647009,694838647012,3
175,LoadMusic(),694838657138,694838657145,7
176,LoadMusic(),694838667176,694838667184,8
177,LoadMusic(),694838677220,694838677234,14
178,LoadMusic(),694838687366,694838687381,15
179,LoadMusic(),694838697391,694838697406,15
180,LoadMusic(),694838707350,694838707366,16
181,LoadMusic(),694838717120,694838717127,7
182,LoadMusic(),694838727048,694838727052,4
183,LoadMusic(),694838737032,694838737036,4
184,LoadMusic(),694838746948,694838746954,6
185,LoadMusic(),694838756933,694838756937,4
186,LoadMusic(),694838766995,694838766999,4
187,LoadMusic(),694838776961,694838776964,3
188,LoadMusic(),694838787038,694838787042,4
189,LoadMusic(),694838797031,694838797036,5
190,LoadMusic(),694838807105,694838807111,6
191,LoadMusic(),694838817178,694838817184,6
192,LoadMusic(),694838827260,694838827276,16
193,LoadMusic(),694838837181,694838837195,14
194,LoadMusic(),694838847059,694838847063,4
195,LoadMusic(),694838856970,694838856973,3
196,LoadMusic(),694838866941,694838866947,6
197,LoadMusic(),694838876992,694838876996,4
198,LoadMusic(),694838887236,694838887245,9
199,LoadMusic(),694838897184,694838897196,12
200,LoadMusic(),694838907161,694838907173,12
201,LoadMusic(),694838917265,694838917275,10
202,LoadMusic(),694838927310,694838927316,6
203,LoadMusic(),694838937285,694838937295,10
204,LoadMusic(),694838947244,694838947257,13
205,LoadMusic(),694838957501,694838957517,16
206,LoadMusic(),694838967565,694838967581,16
207,LoadMusic(),694838977398,694838977412,14
208,LoadMusic(),694838987007,694838987013,6
209,LoadMusic(),694838996977,694838996981,4
210,LoadMusic(),694839006919,694839006921,2
211,LoadMusic(),694839016953,694839016956,3
212,LoadMusic(),694839027004,694839027009,5
213,LoadMusic(),694839037488,694839037499,11
214,LoadMusic(),694839047064,694839047072,8
215,LoadMusic(),694839057042,694839057046,4
216,LoadMusic(),694839066996,694839067000,4
217,LoadMusic(),694839077041,694839077046,5
218,LoadMusic(),694839087080,694839087085,5
219,LoadMusic(),694839097314,694839097325,11
220,LoadMusic(),694839107354,694839107370,16
221,LoadMusic(),694839117300,694839117316,16
222,LoadMusic(),694839127318,694839127334,16
223,LoadMusic(),694839137533,694839137549,16
224,LoadMusic(),694839147445,694839147461,16
225,LoadMusic(),694839157330,694839157346,16
226,LoadMusic(),694839167613,694839167628,15
227,LoadMusic(),694839177512,694839177528,16
228,LoadMusic(),694839187287,694839187303,16
229,LoadMusic(),694839197480,694839197496,16
230,LoadMusic(),694839207356,694839207369,13
231,LoadMusic(),694839217390,694839217406,16
232,LoadMusic(),694839227383,694839227399,16
233,LoadMusic(),694839237409,694839237422,13
234,LoadMusic(),694839247339,694839247352,13
235,LoadMusic(),694839257343,694839257358,15
236,LoadMusic(),694839267287,694839267302,15
237,LoadMusic(),694839277403,694839277419,16
238,LoadMusic(),694839287531,694839287547,16
239,LoadMusic(),694839297297,694839297313,16
240,LoadMusic(),694839307196,694839307202,6
241,LoadMusic(),694839317403,694839317415,12
242,LoadMusic(),694839327686,694839327702,16
243,LoadMusic(),694839337209,694839337221,12
244,LoadMusic(),694839347074,694839347082,8
245,LoadMusic(),694839357256,694839357267,11
246,LoadMusic(),694839366890,694839366892,2
247,LoadMusic(),694839377085,694839377091,6
248,LoadMusic(),694839387145,694839387155,10
249,LoadMusic(),694839397244,694839397255,11
250,LoadMusic(),694839407241,694839407251,10
251,LoadMusic(),694839417283,694839417299,16
252,LoadMusic(),694839427193,694839427205,12
253,LoadMusic(),694839436940,694839436948,8
254,LoadMusic(),694839446930,694839446932,2
255,LoadMusic(),694839457075,694839457081,6
256,LoadMusic(),694839467070,694839467081,11
257,LoadMusic(),694839477268,694839477277,9
258,LoadMusic(),694839487489,694839487505,16
259,LoadMusic(),694839497212,694839497226,14
260,LoadMusic(),694839507234,694839507245,11
261,LoadMusic(),694839516974,694839516983,9
262,LoadMusic(),694839527093,694839527098,5
263,LoadMusic(),694839537207,694839537213,6
264,LoadMusic(),694839547249,694839547265,16
265,LoadMusic(),694839557057,694839557075,18
266,LoadMusic(),694839567105,694839567112,7
267,LoadMusic(),694839577151,694839577157,6
268,LoadMusic(),694839587262,694839587272,10
269,LoadMusic(),694839597267,694839597275,8
270,LoadMusic(),694839607271,694839607277,6
271,LoadMusic(),694839617236,694839617252,16
272,LoadMusic(),694839627386,694839627403,17
273,LoadMusic(),694839637283,694839637295,12
274,LoadMusic(),694839647287,694839647299,12
275,LoadMusic(),694839657278,694839657301,23
276,LoadMusic(),694839667246,694839667258,12
277,LoadMusic(),694839677380,694839677396,16
278,LoadMusic(),694839687210,694839687220,10
279,LoadMusic(),694839697402,694839697418,16
280,LoadMusic(),694839707322,694839707338,16
281,LoadMusic(),694839717290,694839717306,16
282,LoadMusic(),694839727278,694839727290,12
283,LoadMusic(),694839737342,694839737358,16
284,LoadMusic(),694839747398,694839747414,16
285,LoadMusic(),694839757029,694839757035,6
286,LoadMusic(),694839767164,694839767170,6
287,LoadMusic(),694839777170,694839777174,4
288,LoadMusic(),694839787373,694839787389,16
289,LoadMusic(),694839797356,694839797372,16
290,LoadMusic(),694839807378,694839807394,16
291,LoadMusic(),694839817326,694839817342,16
292,LoadMusic(),694839827292,694839827386,94
293,LoadMusic(),694839837451,694839837467,16
294,LoadMusic(),694839847279,694839847295,16
295,LoadMusic(),694839857579,694839857595,16
296,LoadMusic(),694839867373,694839867388,15
297,LoadMusic(),694839877233,694839877245,12
298,LoadMusic(),694839887146,694839887154,8
299,LoadMusic(),694839897162,694839897172,10
300,LoadMusic(),694839907214,694839907225,11
301,LoadMusic(),694839917313,694839917328,15
302,LoadMusic(),694839927385,694839927401,16
303,LoadMusic(),694839937390,694839937406,16
304,LoadMusic(),694839947346,694839947362,16
305,LoadMusic(),694839957350,694839957366,16
306,LoadMusic(),694839967502,694839967518,16
307,LoadMusic(),694839977401,694839977416,15
308,LoadMusic(),694839987171,694839987180,9
309,LoadMusic(),694839996961,694839996970,9
310,LoadMusic(),694840006870,694840006874,4
311,LoadMusic(),694840016954,694840016957,3
312,LoadMusic(),694840026890,694840026894,4
313,LoadMusic(),694840036946,694840036948,2
314,LoadMusic(),694840046950,694840046953,3
315,LoadMusic(),694840056987,694840056992,5
316,LoadMusic(),694840067092,694840067098,6
317,LoadMusic(),694840077147,694840077154,7
318,LoadMusic(),694840087404,694840087417,13
319,LoadMusic(),694840097337,694840097348,11
320,LoadMusic(),694840107456,694840107467,11
321,LoadMusic(),694840117340,694840117352,12
322,LoadMusic(),694840127385,694840127401,16
323,LoadMusic(),694840137276,694840137292,16
324,LoadMusic(),694840147375,694840147391,16
325,LoadMusic(),694840157396,694840157412,16
326,LoadMusic(),694840167684,694840167700,16
327,LoadMusic(),694840177328,694840177344,16
328,LoadMusic(),694840187411,694840187427,16
329,LoadMusic(),694840197401,694840197417,16
330,LoadMusic(),694840207396,694840207411,15
331,LoadMusic(),694840217531,694840217548,17
332,LoadMusic(),694840227291,694840227308,17
333,LoadMusic(),694840237364,694840237377,13
334,LoadMusic(),694840247388,694840247404,16
335,LoadMusic(),694840257417,694840257434,17
336,LoadMusic(),694840267362,694840267378,16
337,LoadMusic(),694840277480,694840277496,16
338,LoadMusic(),694840287445,694840287461,16
339,LoadMusic(),694840297136,694840297147,11
340,LoadMusic(),694840306865,694840306870,5
341,LoadMusic(),694840316974,694840316978,4
342,LoadMusic(),694840326932,694840326936,4
343,LoadMusic(),694840336992,694840336995,3
344,LoadMusic(),694840347145,694840347156,11
345,LoadMusic(),694840357174,694840357186,12
346,LoadMusic(),694840367135,694840367139,4
347,LoadMusic(),694840377248,694840377260,12
348,LoadMusic(),694840387889,694840387914,25
349,LoadMusic(),694840397398,694840397415,17
350,LoadMusic(),694840407443,694840407459,16
351,LoadMusic(),694840417333,694840417349,16
352,LoadMusic(),694840427532,694840427546,14
353,LoadMusic(),694840437223,694840437235,12
354,LoadMusic(),694840447020,694840447026,6
355,LoadMusic(),694840456898,694840456903,5
356,LoadMusic(),694840466855,694840466858,3
357,LoadMusic(),694840476986,694840476989,3
358,LoadMusic(),694840486878,694840486880,2
359,LoadMusic(),694840496937,694840496939,2
360,LoadMusic(),694840506908,694840506910,2
361,LoadMusic(),694840516920,694840516926,6
362,LoadMusic(),694840526881,694840526883,2
363,LoadMusic(),694840536850,694840536852,2
364,LoadMusic(),694840546932,694840546934,2
365,LoadMusic(),694840556949,694840556952,3
366,LoadMusic(),694840567021,694840567026,5
367,LoadMusic(),694840577137,694840577145,8
368,LoadMusic(),694840587218,694840587225,7
369,LoadMusic(),694840597309,694840597320,11
370,LoadMusic(),694840607367,694840607377,10
371,LoadMusic(),694840617256,694840617264,8
372,LoadMusic(),694840627255,694840627263,8
373,LoadMusic(),694840637618,694840637630,12
374,LoadMusic(),694840647437,694840647449,12
375,LoadMusic(),694840657367,694840657381,14
376,LoadMusic(),694840667401,694840667416,15
377,LoadMusic(),694840677347,694840677363,16
378,LoadMusic(),694840687406,694840687422,16
379,LoadMusic(),694840697359,694840697374,15
380,LoadMusic(),694840707415,694840707431,16
381,LoadMusic(),694840717393,694840717409,16
382,LoadMusic(),694840727201,694840727217,16
383,LoadMusic(),694840737351,694840737367,16
384,LoadMusic(),694840747372,694840747388,16
385,LoadMusic(),694840757769,694840757785,16
386,LoadMusic(),694840767188,694840767198,10
387,LoadMusic(),694840777117,694840777127,10
388,LoadMusic(),694840787221,694840787233,12
389,LoadMusic(),694840797439,694840797455,16
390,LoadMusic(),694840807444,694840807460,16
391,LoadMusic(),694840817399,694840817414,15
392,LoadMusic(),694840827357,694840827373,16
393,LoadMusic(),694840837382,694840837397,15
394,LoadMusic(),694840847347,694840847363,16
395,LoadMusic(),694840857356,694840857371,15
396,LoadMusic(),694840867416,694840867432,16
397,LoadMusic(),694840877412,694840877428,16
398,LoadMusic(),694840887395,694840887410,15
399,LoadMusic(),694840897401,694840897491,90
400,LoadMusic(),694840907193,694840907202,9
401,LoadMusic(),694840917436,694840917449,13
402,LoadMusic(),694840927855,694840927870,15
403,LoadMusic(),694840937377,694840937393,16
404,LoadMusic(),694840947424,694840947439,15
405,LoadMusic(),694840957347,694840957362,15
406,LoadMusic(),694840967293,694840967309,16
407,LoadMusic(),694840977380,694840977395,15
408,LoadMusic(),694840987428,694840987444,16
409,LoadMusic(),694840997406,694840997422,16
410,LoadMusic(),694841007612,694841007628,16
411,LoadMusic(),694841016997,694841017000,3
412,LoadMusic(),694841027058,694841027063,5
413,LoadMusic(),694841037191,694841037202,11
414,LoadMusic(),694841047223,694841047235,12
415,LoadMusic(),694841057190,694841057204,14
416,LoadMusic(),694841067243,694841067260,17
417,LoadMusic(),694841077375,694841077387,12
418,LoadMusic(),694841087375,694841087390,15
419,LoadMusic(),694841097396,694841097410,14
420,LoadMusic(),694841106980,694841106982,2
421,LoadMusic(),694841117057,694841117061,4
422,LoadMusic(),694841127122,694841127130,8
423,LoadMusic(),694841137233,694841137244,11
424,LoadMusic(),694841147343,694841147356,13
425,LoadMusic(),694841157405,694841157421,16
426,LoadMusic(),694841167389,694841167405,16
427,LoadMusic(),694841177506,694841177522,16
428,LoadMusic(),694841187412,694841187428,16
429,LoadMusic(),694841197434,694841197449,15
430,LoadMusic(),694841207218,694841207234,16
431,LoadMusic(),694841217396,694841217412,16
432,LoadMusic(),694841227392,694841227408,16
433,LoadMusic(),694841237357,694841237371,14
434,LoadMusic(),694841247267,694841247279,12
435,LoadMusic(),694841257332,694841257341,9
436,LoadMusic(),694841267242,694841267249,7
437,LoadMusic(),694841277355,694841277367,12
438,LoadMusic(),694841287255,694841287264,9
439,LoadMusic(),694841297197,694841297205,8
440,LoadMusic(),694841307370,694841307382,12
441,LoadMusic(),694841317479,694841317495,16
442,LoadMusic(),694841327407,694841327423,16
443,LoadMusic(),694841337072,694841337074,2
444,LoadMusic(),694841346837,694841346839,2
445,LoadMusic(),694841356839,694841356840,1
446,LoadMusic(),694841367015,694841367017,2
447,LoadMusic(),694841377019,694841377021,2
448,LoadMusic(),694841387003,694841387006,3
449,LoadMusic(),694841397073,694841397078,5
450,LoadMusic(),694841407129,694841407137,8
451,LoadMusic(),694841417128,694841417139,11
452,LoadMusic(),694841427308,694841427319,11
453,LoadMusic(),694841437169,694841437179,10
454,LoadMusic(),694841447223,694841447233,10
455,LoadMusic(),694841457415,694841457431,16
456,LoadMusic(),694841467337,694841467353,16
457,LoadMusic(),694841477620,694841477636,16
458,LoadMusic(),694841487166,694841487169,3
459,LoadMusic(),694841497071,694841497077,6
460,LoadMusic(),694841507248,694841507259,11
461,LoadMusic(),694841516991,694841516995,4
462,LoadMusic(),694841527101,694841527108,7
463,LoadMusic(),694841537178,694841537185,7
464,LoadMusic(),694841547138,694841547143,5
465,LoadMusic(),694841557357,694841557370,13
466,LoadMusic(),694841567324,694841567334,10
467,LoadMusic(),694841577244,694841577251,7
468,LoadMusic(),694841587233,694841587243,10
469,LoadMusic(),694841597363,694841597379,16
470,LoadMusic(),694841607254,694841607285,31
471,LoadMusic(),694841617252,694841617268,16
472,LoadMusic(),694841627699,694841627715,16
473,LoadMusic(),694841637450,694841637465,15
474,LoadMusic(),694841647422,694841647437,15
475,LoadMusic(),694841657989,694841658007,18
476,LoadMusic(),694841667440,694841667456,16
477,LoadMusic(),694841677456,694841677471,15
478,LoadMusic(),694841687424,694841687439,15
479,LoadMusic(),694841697298,694841697313,15
480,LoadMusic(),694841707650,694841707665,15
481,LoadMusic(),694841717470,694841717485,15
482,LoadMusic(),694841727371,694841727386,15
483,LoadMusic(),694841737407,694841737423,16
484,LoadMusic(),694841747382,694841747397,15
485,LoadMusic(),694841757731,694841757747,16
486,LoadMusic(),694841767206,694841767216,10
487,LoadMusic(),694841777337,694841777353,16
488,LoadMusic(),694841787368,694841787383,15
489,LoadMusic(),694841797663,694841797686,23
490,LoadMusic(),694841807381,694841807396,15
491,LoadMusic(),694841817358,694841817374,16
492,LoadMusic(),694841827342,694841827358,16
493,LoadMusic(),694841837633,694841837650,17
494,LoadMusic(),694841847437,694841847453,16
495,LoadMusic(),694841857495,694841857511,16
496,LoadMusic(),694841867394,694841867409,15
497,LoadMusic(),694841877502,694841877517,15
498,LoadMusic(),694841887349,694841887364,15
499,LoadMusic(),694841897527,694841897543,16
500,LoadMusic(),694841907414,694841907429,15
501,LoadMusic(),694841917399,694841917414,15
502,LoadMusic(),694841927359,694841927375,16
503,LoadMusic(),694841937782,694841937800,18
504,LoadMusic(),694841946944,694841946947,3
505,LoadMusic(),694841957461,694841957472,11
506,LoadMusic(),694841967336,694841967350,14
507,LoadMusic(),694841977259,694841977275,16
508,LoadMusic(),694841987454,694841987470,16
509,LoadMusic(),694841997401,694841997417,16
510,LoadMusic(),694842007340,694842007356,16
511,LoadMusic(),694842017096,694842017106,10
512,LoadMusic(),694842027265,694842027275,10
513,LoadMusic(),694842037324,694842037335,11
514,LoadMusic(),694842047429,694842047452,23
515,LoadMusic(),694842057281,694842057293,12
516,LoadMusic(),694842067401,694842067416,15
517,LoadMusic(),694842077793,694842077811,18
518,LoadMusic(),694842087394,694842087410,16
519,LoadMusic(),694842097352,694842097367,15
520,LoadMusic(),694842107342,694842107358,16
521,LoadMusic(),694842117415,694842117450,35
522,LoadMusic(),694842127391,694842127407,16
523,LoadMusic(),694842137318,694842137334,16
524,LoadMusic(),694842147328,694842147344,16
525,LoadMusic(),694842157406,694842157422,16
526,LoadMusic(),694842167247,694842167264,17
527,LoadMusic(),694842177266,694842177277,11
528,LoadMusic(),694842187386,694842187402,16
529,LoadMusic(),694842197309,694842197325,16
530,LoadMusic(),694842207274,694842207284,10
531,LoadMusic(),694842217318,694842217325,7
532,LoadMusic(),694842227270,694842227279,9
533,LoadMusic(),694842237254,694842237264,10
534,LoadMusic(),694842247532,694842247555,23
535,LoadMusic(),694842257282,694842257291,9
536,LoadMusic(),694842267243,694842267251,8
537,LoadMusic(),694842277216,694842277222,6
538,LoadMusic(),694842287447,694842287455,8
539,LoadMusic(),694842297362,694842297379,17
540,LoadMusic(),694842307258,694842307268,10
541,LoadMusic(),694842317442,694842317454,12
542,LoadMusic(),694842327361,694842327378,17
543,LoadMusic(),694842337296,694842337305,9
544,LoadMusic(),694842347423,694842347434,11
545,LoadMusic(),694842357242,694842357252,10
546,LoadMusic(),694842367372,694842367388,16
547,LoadMusic(),694842377159,694842377167,8
548,LoadMusic(),694842387263,694842387275,12
549,LoadMusic(),694842397589,694842397605,16
550,LoadMusic(),694842407401,694842407417,16
551,LoadMusic(),694842417996,694842418018,22
552,LoadMusic(),694842426906,694842426919,13
553,LoadMusic(),694842436989,694842436992,3
554,LoadMusic(),694842446959,694842446961,2
555,LoadMusic(),694842456948,694842456950,2
556,LoadMusic(),694842466932,694842466937,5
557,LoadMusic(),694842476957,694842476959,2
558,LoadMusic(),694842486962,694842486964,2
559,LoadMusic(),694842496964,694842496966,2
560,LoadMusic(),694842507010,694842507013,3
561,LoadMusic(),694842517058,694842517061,3
562,LoadMusic(),694842526919,694842526923,4
563,LoadMusic(),694842536984,694842536989,5
564,LoadMusic(),694842547102,694842547108,6
565,LoadMusic(),694842557363,694842557371,8
566,LoadMusic(),694842567170,694842567177,7
567,LoadMusic(),694842577294,694842577304,10
568,LoadMusic(),694842587322,694842587331,9
569,LoadMusic(),694842597337,694842597346,9
570,LoadMusic(),694842607285,694842607296,11
571,LoadMusic(),694842617262,694842617273,11
572,LoadMusic(),694842627245,694842627255,10
573,LoadMusic(),694842637518,694842637526,8
574,LoadMusic(),694842646918,694842646921,3
575,LoadMusic(),694842656959,694842656962,3
576,LoadMusic(),694842667179,694842667193,14
577,LoadMusic(),694842676961,694842676964,3
578,LoadMusic(),694842686970,694842686973,3
579,LoadMusic(),694842696963,694842696965,2
580,LoadMusic(),694842706945,694842706947,2
581,LoadMusic(),694842716889,694842716891,2
582,LoadMusic(),694842726989,694842726991,2
583,LoadMusic(),694842736927,694842736930,3
584,LoadMusic(),694842746933,694842746938,5
585,LoadMusic(),694842757014,694842757018,4
586,LoadMusic(),694842767343,694842767357,14
587,LoadMusic(),694842777376,694842777385,9
588,LoadMusic(),694842787118,694842787127,9
589,LoadMusic(),694842797262,694842797273,11
590,LoadMusic(),694842807272,694842807288,16
591,LoadMusic(),694842817347,694842817362,15
592,LoadMusic(),694842827464,694842827480,16
593,LoadMusic(),694842837402,694842837417,15
594,LoadMusic(),694842847354,694842847365,11
595,LoadMusic(),694842857001,694842857007,6
596,LoadMusic(),694842867175,694842867186,11
597,LoadMusic(),694842877462,694842877477,15
598,LoadMusic(),694842887319,694842887334,15
599,LoadMusic(),694842897230,694842897238,8
600,LoadMusic(),694842907325,694842907338,13
601,LoadMusic(),694842917490,694842917504,14
602,LoadMusic(),694842927314,694842927330,16
603,LoadMusic(),694842937307,694842937317,10
604,LoadMusic(),694842947692,694842947716,24
605,LoadMusic(),694842957437,694842957448,11
606,LoadMusic(),694842967276,694842967283,7
607,LoadMusic(),694842977325,694842977341,16
608,LoadMusic(),694842987403,694842987419,16
609,LoadMusic(),694842997414,694842997430,16
610,LoadMusic(),694843007387,694843007403,16
611,LoadMusic(),694843017213,694843017223,10
612,LoadMusic(),694843027020,694843027025,5
613,LoadMusic(),694843036843,694843036846,3
614,LoadMusic(),694843046955,694843046957,2
615,LoadMusic(),694843056907,694843056910,3
616,LoadMusic(),694843066954,694843066955,1
617,LoadMusic(),694843076945,694843076948,3
618,LoadMusic(),694843087233,694843087243,10
619,LoadMusic(),694843097126,694843097134,8
620,LoadMusic(),694843107238,694843107247,9
621,LoadMusic(),694843117260,694843117268,8
622,LoadMusic(),694843127337,694843127348,11
623,LoadMusic(),694843137351,694843137362,11
624,LoadMusic(),694843147310,694843147320,10
625,LoadMusic(),694843157354,694843157365,11
626,LoadMusic(),694843167403,694843167419,16
627,LoadMusic(),694843177413,694843177426,13
628,LoadMusic(),694843187422,694843187438,16
629,LoadMusic(),694843197278,694843197295,17
630,LoadMusic(),694843207308,694843207324,16
631,LoadMusic(),694843217351,694843217366,15
632,LoadMusic(),694843227302,694843227318,16
633,LoadMusic(),694843237415,694843237431,16
634,LoadMusic(),694843247343,694843247360,17
635,LoadMusic(),694843257348,694843257364,16
636,LoadMusic(),694843267336,694843267351,15
637,LoadMusic(),694843277424,694843277440,16
638,SetMusic(),694843286965,694843287169,204
639,SetMusic(),694843296947,694843297088,141
640,SetMusic(),694843306929,694843307077,148
641,SetMusic(),694843316992,694843317102,110
642,SetMusic(),694843326950,694843327103,153
643,SetMusic(),694843337370,694843337899,529
644,SetMusic(),694843347067,694843347292,225
645,SetMusic(),694843357051,694843357270,219
646,SetMusic(),694843367162,694843367503,341
647,SetMusic(),694843377350,694843377867,517
648,SetMusic(),694843387186,694843387565,379
649,SetMusic(),694843397494,694843398023,529
650,SetMusic(),694843407105,694843407451,346
651,SetMusic(),694843417077,694843420660,3583
652,SetMusic(),694843427223,694843427748,525
653,SetMusic(),694843437333,694843437841,508
654,SetMusic(),694843447302,694843447784,482
655,SetMusic(),694843457353,694843457985,632
656,SetMusic(),694843467336,694843467924,588
657,SetMusic(),694843477396,694843478001,605
658,SetMusic(),694843487395,694843493217,5822
659,SetMusic(),694843497155,694843497475,320
660,SetMusic(),694843507236,694843507728,492
661,SetMusic(),694843516920,694843517007,87
662,SetMusic(),694843526925,694843526999,74
663,SetMusic(),694843536866,694843536935,69
664,SetMusic(),694843546862,694843547455,593
665,SetMusic(),694843556937,694843557005,68
666,SetMusic(),694843566978,694843567044,66
667,SetMusic(),694843576912,694843576986,74
668,SetMusic(),694843586934,694843587046,112
669,SetMusic(),694843596992,694843597189,197
670,SetMusic(),694843607107,694843607398,291
671,SetMusic(),694843617675,694843620895,3220
672,SetMusic(),694843627152,694843627517,365
673,SetMusic(),694843637387,694843637992,605
674,SetMusic(),694843647324,694843647917,593
675,SetMusic(),694843657356,694843657931,575
676,SetMusic(),694843667421,694843667995,574
677,SetMusic(),694843677350,694843683387,6037
678,SetMusic(),694843687396,694843688016,620
679,SetMusic(),694843697327,694843697918,591
680,SetMusic(),694843707387,694843707974,587
681,SetMusic(),694843717380,694843717982,602
682,SetMusic(),694843727398,694843727989,591
683,SetMusic(),694843737465,694843738051,586
684,SetMusic(),694843747391,694843752886,5495
685,SetMusic(),694843757351,694843757970,619
686,SetMusic(),694843767284,694843767873,589
687,SetMusic(),694843777240,694843777922,682
688,SetMusic(),694843787197,694843787724,527
689,SetMusic(),694843797378,694843797861,483
690,SetMusic(),694843807269,694843811067,3798
691,SetMusic(),694843817415,694843818046,631
692,SetMusic(),694843827461,694843828047,586
693,SetMusic(),694843837591,694843838199,608
694,SetMusic(),694843847309,694843847926,617
695,SetMusic(),694843857410,694843858000,590
696,SetMusic(),694843867343,694843867996,653
697,SetMusic(),694843877284,694843883097,5813
698,SetMusic(),694843887350,694843887832,482
699,SetMusic(),694843897846,694843898818,972
700,SetMusic(),694843907440,694843908027,587
701,SetMusic(),694843917357,694843917948,591
702,SetMusic(),694843927269,694843927843,574
703,SetMusic(),694843937409,694843942297,4888
704,SetMusic(),694843947229,694843947638,409
705,SetMusic(),694843957376,694843957965,589
706,SetMusic(),694843967357,694843967857,500
707,SetMusic(),694843977284,694843977703,419
708,SetMusic(),694843987354,694843987977,623
709,SetMusic(),694843997401,694843998007,606
710,SetMusic(),694844007655,694844012712,5057
711,SetMusic(),694844017047,694844017222,175
712,SetMusic(),694844027071,694844027247,176
713,SetMusic(),694844037137,694844037459,322
714,SetMusic(),694844047316,694844047741,425
715,SetMusic(),694844057482,694844057814,332
716,SetMusic(),694844067256,694844070196,2940
717,SetMusic(),694844077305,694844077789,484
718,SetMusic(),694844087400,694844087977,577
719,SetMusic(),694844097626,694844098212,586
720,SetMusic(),694844107276,694844107669,393
721,SetMusic(),694844117142,694844117209,67
722,SetMusic(),694844127017,694844127134,117
723,SetMusic(),694844137091,694844138919,1828
724,SetMusic(),694844147293,694844148068,775
725,SetMusic(),694844157243,694844157818,575
726,SetMusic(),694844167360,694844167920,560
727,SetMusic(),694844177398,694844177993,595
728,SetMusic(),694844187493,694844188081,588
729,SetMusic(),694844197394,694844201881,4487
730,SetMusic(),694844207192,694844207530,338
731,SetMusic(),694844217234,694844217692,458
732,SetMusic(),694844227320,694844227787,467
733,SetMusic(),694844237339,694844237958,619
734,SetMusic(),694844247376,694844247963,587
735,SetMusic(),694844257285,694844257943,658
736,SetMusic(),694844267425,694844271934,4509
737,SetMusic(),694844277180,694844277505,325
738,SetMusic(),694844287705,694844288210,505
739,SetMusic(),694844297001,694844297211,210
740,SetMusic(),694844306858,694844306925,67
741,SetMusic(),694844316964,694844317029,65
742,SetMusic(),694844326959,694844327538,579
743,SetMusic(),694844336936,694844337013,77
744,SetMusic(),694844346943,694844347059,116
745,SetMusic(),694844357013,694844357212,199
746,SetMusic(),694844367208,694844367590,382
747,SetMusic(),694844377309,694844377882,573
748,SetMusic(),694844387449,694844388055,606
749,SetMusic(),694844397496,694844401041,3545
750,SetMusic(),694844407143,694844407509,366
751,SetMusic(),694844417229,694844417604,375
752,SetMusic(),694844427507,694844428104,597
753,SetMusic(),694844437232,694844437678,446
754,SetMusic(),694844447190,694844447661,471
755,SetMusic(),694844457179,694844462003,4824
756,SetMusic(),694844467108,694844467490,382
757,SetMusic(),694844477613,694844478229,616
758,SetMusic(),694844487413,694844487998,585
759,SetMusic(),694844497346,694844497844,498
760,SetMusic(),694844507257,694844507761,504
761,SetMusic(),694844517052,694844517267,215
762,SetMusic(),694844527032,694844528606,1574
763,SetMusic(),694844537119,694844537336,217
764,SetMusic(),694844546971,694844547041,70
765,SetMusic(),694844556984,694844557130,146
766,SetMusic(),694844567133,694844567401,268
767,SetMusic(),694844577222,694844577648,426
768,SetMusic(),694844587377,694844592828,5451
769,SetMusic(),694844597939,694844598516,577
770,SetMusic(),694844607276,694844607847,571
771,SetMusic(),694844617338,694844617899,561
772,SetMusic(),694844627302,694844627912,610
773,SetMusic(),694844637245,694844637837,592
774,SetMusic(),694844647257,694844647827,570
775,SetMusic(),694844657230,694844661330,4100
776,SetMusic(),694844667146,694844667530,384
777,SetMusic(),694844677588,694844678068,480
778,SetMusic(),694844687385,694844687974,589
779,SetMusic(),694844697380,694844697986,606
780,SetMusic(),694844707414,694844708001,587
781,SetMusic(),694844717358,694844722384,5026
782,SetMusic(),694844727226,694844727627,401
783,SetMusic(),694844737704,694844738316,612
784,SetMusic(),694844747329,694844747939,610
785,SetMusic(),694844757434,694844758000,566
786,SetMusic(),694844767256,694844767806,550
787,SetMusic(),694844777129,694844777600,471
788,SetMusic(),694844787178,694844789902,2724
789,SetMusic(),694844797071,694844797400,329
790,SetMusic(),694844807259,694844807703,444
791,SetMusic(),694844817269,694844817763,494
792,SetMusic(),694844827312,694844827886,574
793,SetMusic(),694844837226,694844837790,564
794,SetMusic(),694844847307,694844851472,4165
795,SetMusic(),694844857072,694844857453,381
796,SetMusic(),694844867363,694844867873,510
797,SetMusic(),694844877368,694844878603,1235
798,SetMusic(),694844887267,694844887807,540
799,SetMusic(),694844897241,694844897800,559
800,SetMusic(),694844907245,694844907779,534
801,SetMusic(),694844917396,694844922440,5044
802,SetMusic(),694844927187,694844927557,370
803,SetMusic(),694844937359,694844937880,521
804,SetMusic(),694844947409,694844948031,622
805,SetMusic(),694844957712,694844958418,706
806,SetMusic(),694844967296,694844967890,594
807,SetMusic(),694844977251,694844981781,4530
808,SetMusic(),694844987305,694844987714,409
809,SetMusic(),694844997285,694844997828,543
810,SetMusic(),694845007342,694845007917,575
811,SetMusic(),694845017010,694845017210,200
812,SetMusic(),694845027003,694845027175,172
813,SetMusic(),694845037018,694845037221,203
814,SetMusic(),694845047156,694845050478,3322
815,SetMusic(),694845057310,694845057725,415
816,SetMusic(),694845067400,694845068018,618
817,SetMusic(),694845077389,694845077960,571
818,SetMusic(),694845087361,694845087932,571
819,SetMusic(),694845097553,694845098190,637
820,SetMusic(),694845107282,694845111344,4062
821,SetMusic(),694845117387,694845117965,578
822,SetMusic(),694845127290,694845127866,576
823,SetMusic(),694845137430,694845138004,574
824,SetMusic(),694845147434,694845148006,572
825,SetMusic(),694845157229,694845157769,540
826,SetMusic(),694845167381,694845167941,560
827,SetMusic(),694845177337,694845181236,3899
828,SetMusic(),694845187134,694845187533,399
829,SetMusic(),694845197233,694845197755,522
830,SetMusic(),694845207477,694845208105,628
831,SetMusic(),694845217201,694845217812,611
832,SetMusic(),694845227413,694845228032,619
833,SetMusic(),694845237858,694845242972,5114
834,SetMusic(),694845247346,694845247786,440
835,SetMusic(),694845257128,694845257528,400
836,SetMusic(),694845267275,694845267807,532
837,SetMusic(),694845277347,694845277921,574
838,SetMusic(),694845287494,694845288121,627
839,SetMusic(),694845297218,694845297826,608
840,SetMusic(),694845307394,694845311700,4306
841,SetMusic(),694845316879,694845316972,93
842,SetMusic(),694845326862,694845326941,79
843,SetMusic(),694845336945,694845337037,92
844,SetMusic(),694845346986,694845347164,178
845,SetMusic(),694845357022,694845357289,267
846,SetMusic(),694845367124,694845369876,2752
847,SetMusic(),694845377019,694845377323,304
848,SetMusic(),694845387263,694845387727,464
849,SetMusic(),694845397185,694845397771,586
850,SetMusic(),694845407358,694845407934,576
851,SetMusic(),694845416884,694845416960,76
852,SetMusic(),694845427502,694845428150,648
853,SetMusic(),694845437282,694845442497,5215
854,SetMusic(),694845447117,694845447505,388
855,SetMusic(),694845457275,694845457835,560
856,SetMusic(),694845467226,694845467841,615
857,SetMusic(),694845477144,694845477517,373
858,SetMusic(),694845487043,694845487172,129
859,SetMusic(),694845496912,694845497530,618
860,SetMusic(),694845506941,694845507016,75
861,SetMusic(),694845516894,694845516977,83
862,SetMusic(),694845526947,694845527024,77
863,SetMusic(),694845536884,694845536956,72
864,SetMusic(),694845546927,694845546996,69
865,SetMusic(),694845556935,694845557020,85
866,SetMusic(),694845566960,694845567674,714
867,SetMusic(),694845576961,694845577046,85
868,SetMusic(),694845586976,694845587063,87
869,SetMusic(),694845596961,694845597046,85
870,SetMusic(),694845606896,694845606971,75
871,SetMusic(),694845617112,694845617197,85
872,SetMusic(),694845626853,694845627467,614
873,SetMusic(),694845636875,694845636948,73
874,SetMusic(),694845646842,694845646939,97
875,SetMusic(),694845656890,694845656965,75
876,SetMusic(),694845666964,694845667041,77
877,SetMusic(),694845676954,694845677031,77
878,SetMusic(),694845686972,694845687102,130
879,SetMusic(),694845697039,694845699215,2176
880,SetMusic(),694845707213,694845707602,389
881,SetMusic(),694845717189,694845717799,610
882,SetMusic(),694845727235,694845727837,602
883,SetMusic(),694845737226,694845737833,607
884,SetMusic(),694845747440,694845748016,576
885,SetMusic(),694845757515,694845762514,4999
886,SetMusic(),694845767261,694845767705,444
887,SetMusic(),694845777177,694845777537,360
888,SetMusic(),694845787354,694845787819,465
889,SetMusic(),694845797359,694845797969,610
890,SetMusic(),694845807255,694845807861,606
891,SetMusic(),694845817308,694845817892,584
892,SetMusic(),694845827284,694845832554,5270
893,SetMusic(),694845837236,694845837704,468
894,SetMusic(),694845847421,694845848045,624
895,SetMusic(),694845857183,694845857793,610
896,SetMusic(),694845867298,694845867896,598
897,SetMusic(),694845877386,694845877961,575
898,SetMusic(),694845887485,694845892651,5166
899,SetMusic(),694845897419,694845898045,626
900,SetMusic(),694845907496,694845908152,656
901,SetMusic(),694845917379,694845917996,617
902,SetMusic(),694845927439,694845928038,599
903,SetMusic(),694845937342,694845937967,625
904,SetMusic(),694845947450,694845948023,573
905,SetMusic(),694845957340,694845962724,5384
906,SetMusic(),694845967286,694845967866,580
907,SetMusic(),694845977357,694845977927,570
908,SetMusic(),694845987540,694845988127,587
909,SetMusic(),694845997411,694845997983,572
910,SetMusic(),694846007449,694846008072,623
911,SetMusic(),694846017302,694846020767,3465
912,SetMusic(),694846027002,694846027137,135
913,SetMusic(),694846037049,694846037290,241
914,SetMusic(),694846047079,694846047402,323
915,SetMusic(),694846057220,694846057662,442
916,SetMusic(),694846067266,694846067564,298
917,SetMusic(),694846077357,694846078081,724
918,SetMusic(),694846087244,694846091208,3964
919,SetMusic(),694846097195,694846097528,333
920,SetMusic(),694846107531,694846108107,576
921,SetMusic(),694846117458,694846118032,574
922,SetMusic(),694846127439,694846128028,589
923,SetMusic(),694846137296,694846137870,574
924,SetMusic(),694846147528,694846152660,5132
925,SetMusic(),694846157269,694846157683,414
926,SetMusic(),694846167324,694846167804,480
927,SetMusic(),694846177413,694846178008,595
928,SetMusic(),694846187311,694846188001,690
929,SetMusic(),694846197395,694846197988,593
930,SetMusic(),694846207803,694846208410,607
931,SetMusic(),694846217458,694846222732,5274
932,SetMusic(),694846227410,694846228013,603
933,SetMusic(),694846237446,694846237936,490
934,SetMusic(),694846247449,694846248024,575
935,SetMusic(),694846257438,694846258025,587
936,SetMusic(),694846267422,694846267996,574
937,SetMusic(),694846277286,694846283144,5858
938,SetMusic(),694846287366,694846287887,521
939,SetMusic(),694846297292,694846297832,540
940,SetMusic(),694846307398,694846307920,522
941,SetMusic(),694846317424,694846318024,600
942,SetMusic(),694846327983,694846329232,1249
943,SetMusic(),694846337360,694846337817,457
944,SetMusic(),694846347115,694846349582,2467
945,SetMusic(),694846357291,694846357773,482
946,SetMusic(),694846367180,694846367513,333
947,SetMusic(),694846377404,694846377977,573
948,SetMusic(),694846387423,694846387995,572
949,SetMusic(),694846397356,694846397931,575
950,SetMusic(),694846407345,694846412284,4939
951,SetMusic(),694846417272,694846417755,483
952,SetMusic(),694846427271,694846427698,427
953,SetMusic(),694846437272,694846437862,590
954,SetMusic(),694846447359,694846447873,514
955,SetMusic(),694846457413,694846458036,623
956,SetMusic(),694846467642,694846468214,572
957,SetMusic(),694846477415,694846482706,5291
958,SetMusic(),694846487374,694846487976,602
959,SetMusic(),694846497560,694846498146,586
960,SetMusic(),694846507556,694846508143,587
961,SetMusic(),694846517359,694846517740,381
962,SetMusic(),694846527085,694846527226,141
963,SetMusic(),694846537218,694846539666,2448
964,SetMusic(),694846547324,694846547614,290
965,SetMusic(),694846557242,694846557606,364
966,SetMusic(),694846567107,694846567266,159
967,SetMusic(),694846576882,694846576971,89
968,SetMusic(),694846586860,694846586928,68
969,SetMusic(),694846596875,694846596969,94
970,SetMusic(),694846606865,694846607478,613
971,SetMusic(),694846616981,694846617049,68
972,SetMusic(),694846626967,694846627036,69
973,SetMusic(),694846637123,694846637270,147
974,SetMusic(),694846647032,694846647266,234
975,SetMusic(),694846657080,694846657324,244
976,SetMusic(),694846667243,694846671209,3966
977,SetMusic(),694846677217,694846677641,424
978,SetMusic(),694846687264,694846687736,472
979,SetMusic(),694846697312,694846697903,591
980,SetMusic(),694846707316,694846707913,597
981,SetMusic(),694846717308,694846717895,587
982,SetMusic(),694846727244,694846727779,535
983,SetMusic(),694846737445,694846742332,4887
984,SetMusic(),694846747342,694846747664,322
985,SetMusic(),694846757380,694846757860,480
986,SetMusic(),694846767361,694846767979,618
987,SetMusic(),694846777587,694846778192,605
988,SetMusic(),694846787179,694846787478,299
989,SetMusic(),694846797170,694846799887,2717
990,SetMusic(),694846807113,694846807455,342
991,SetMusic(),694846817225,694846817685,460
992,SetMusic(),694846827185,694846827626,441
993,SetMusic(),694846837161,694846837692,531
994,SetMusic(),694846847327,694846847903,576
995,SetMusic(),694846857276,694846857848,572
996,SetMusic(),694846867245,694846872581,5336
997,SetMusic(),694846877309,694846877794,485
998,SetMusic(),694846887208,694846887814,606
999,SetMusic(),694846897224,694846897760,536
1000,SetMusic(),694846907327,694846907720,393
1001,SetMusic(),694846917341,694846917792,451
1002,SetMusic(),694846927286,694846932916,5630
1003,SetMusic(),694846937488,694846938111,623
1004,SetMusic(),694846947595,694846948363,768
1005,SetMusic(),694846957180,694846957733,553
1006,SetMusic(),694846967424,694846967999,575
1007,SetMusic(),694846977619,694846978196,577
1008,SetMusic(),694846987535,694846988109,574
1009,SetMusic(),694846997407,694847002475,5068
1010,SetMusic(),694847007483,694847008005,522
1011,SetMusic(),694847017213,694847017479,266
1012,SetMusic(),694847027025,694847027160,135
1013,SetMusic(),694847037115,694847037380,265
1014,SetMusic(),694847047164,694847047594,430
1015,SetMusic(),694847057455,694847061296,3841
1016,SetMusic(),694847067099,694847067400,301
1017,SetMusic(),694847077156,694847077635,479
1018,SetMusic(),694847087365,694847088418,1053
1019,SetMusic(),694847097419,694847097914,495
1020,SetMusic(),694847107424,694847108053,629
1021,SetMusic(),694847117351,694847117979,628
1022,SetMusic(),694847127370,694847132836,5466
1023,SetMusic(),694847137338,694847137794,456
1024,SetMusic(),694847147429,694847148017,588
1025,SetMusic(),694847157377,694847158002,625
1026,SetMusic(),694847167420,694847168068,648
1027,SetMusic(),694847177325,694847177919,594
1028,SetMusic(),694847187078,694847189680,2602
1029,SetMusic(),694847197138,694847197484,346
1030,SetMusic(),694847207183,694847207712,529
1031,SetMusic(),694847217303,694847217890,587
1032,SetMusic(),694847227296,694847227860,564
1033,SetMusic(),694847237319,694847237906,587
1034,SetMusic(),694847247273,694847247843,570
1035,SetMusic(),694847257279,694847262287,5008
1036,SetMusic(),694847267134,694847267670,536
1037,SetMusic(),694847277357,694847277929,572
1038,SetMusic(),694847287734,694847288384,650
1039,SetMusic(),694847297010,694847297142,132
1040,SetMusic(),694847307117,694847307341,224
1041,SetMusic(),694847317141,694847320849,3708
1042,SetMusic(),694847327055,694847327321,266
1043,SetMusic(),694847337140,694847337454,314
1044,SetMusic(),694847347101,694847347442,341
1045,SetMusic(),694847357304,694847357895,591
1046,SetMusic(),694847367393,694847367965,572
1047,SetMusic(),694847377980,694847378877,897
1048,SetMusic(),694847387424,694847392902,5478
1049,SetMusic(),694847397352,694847397912,560
1050,SetMusic(),694847407419,694847408005,586
1051,SetMusic(),694847417344,694847417763,419
1052,SetMusic(),694847427638,694847428137,499
1053,SetMusic(),694847437177,694847437610,433
1054,SetMusic(),694847447329,694847452303,4974
1055,SetMusic(),694847457314,694847457824,510
1056,SetMusic(),694847467382,694847467971,589
1057,SetMusic(),694847477380,694847477954,574
1058,SetMusic(),694847487290,694847487864,574
1059,SetMusic(),694847497377,694847497940,563
1060,SetMusic(),694847507758,694847508364,606
1061,SetMusic(),694847517060,694847519790,2730
1062,SetMusic(),694847526907,694847526984,77
1063,SetMusic(),694847536991,694847537110,119
1064,SetMusic(),694847547100,694847547322,222
1065,SetMusic(),694847557202,694847557509,307
1066,SetMusic(),694847567329,694847567809,480
1067,SetMusic(),694847577444,694847582458,5014
1068,SetMusic(),694847587242,694847587656,414
1069,SetMusic(),694847597367,694847597954,587
1070,SetMusic(),694847607271,694847607641,370
1071,SetMusic(),694847617379,694847617863,484
1072,SetMusic(),694847627031,694847627098,67
1073,SetMusic(),694847637002,694847637141,139
1074,SetMusic(),694847647054,694847647635,581
1075,SetMusic(),694847657044,694847657111,67
1076,SetMusic(),694847667009,694847667082,73
1077,SetMusic(),694847677041,694847677107,66
1078,SetMusic(),694847687059,694847687124,65
1079,SetMusic(),694847697046,694847697112,66
1080,SetMusic(),694847707042,694847707627,585
1081,SetMusic(),694847717008,694847717091,83
1082,SetMusic(),694847727021,694847727084,63
1083,SetMusic(),694847736926,694847736997,71
1084,SetMusic(),694847746964,694847747096,132
1085,SetMusic(),694847757022,694847757212,190
1086,SetMusic(),694847767136,694847767486,350
1087,SetMusic(),694847777207,694847780269,3062
1088,SetMusic(),694847787357,694847787903,546
1089,SetMusic(),694847797189,694847797648,459
1090,SetMusic(),694847807354,694847807877,523
1091,SetMusic(),694847817885,694847818483,598
1092,SetMusic(),694847827344,694847827918,574
1093,SetMusic(),694847837355,694847842302,4947
1094,SetMusic(),694847847209,694847847624,415
1095,SetMusic(),694847857341,694847857895,554
1096,SetMusic(),694847867276,694847867891,615
1097,SetMusic(),694847877230,694847877761,531
1098,SetMusic(),694847887274,694847887835,561
1099,SetMusic(),694847897318,694847897912,594
1100,SetMusic(),694847907161,694847912541,5380
1101,SetMusic(),694847917174,694847917653,479
1102,SetMusic(),694847927394,694847927919,525
1103,SetMusic(),694847937431,694847938006,575
1104,SetMusic(),694847947364,694847947952,588
1105,SetMusic(),694847957449,694847958043,594
1106,SetMusic(),694847967349,694847972772,5423
1107,SetMusic(),694847977184,694847977584,400
1108,SetMusic(),694847987722,694847988417,695
1109,SetMusic(),694847997261,694847997872,611
1110,SetMusic(),694848007297,694848007864,567
1111,SetMusic(),694848017337,694848017766,429
1112,SetMusic(),694848026970,694848027089,119
1113,SetMusic(),694848037007,694848038988,1981
1114,SetMusic(),694848047106,694848047485,379
1115,SetMusic(),694848057264,694848057708,444
1116,SetMusic(),694848067221,694848067792,571
1117,SetMusic(),694848077213,694848077743,530
1118,SetMusic(),694848087206,694848087605,399
1119,SetMusic(),694848097322,694848100804,3482
1120,SetMusic(),694848107070,694848107408,338
1121,SetMusic(),694848117126,694848117521,395
1122,SetMusic(),694848127645,694848128163,518
1123,SetMusic(),694848137438,694848138052,614
1124,SetMusic(),694848147437,694848148023,586
1125,SetMusic(),694848157394,694848157970,576
1126,SetMusic(),694848167420,694848172800,5380
1127,SetMusic(),694848177480,694848177855,375
1128,SetMusic(),694848187320,694848187947,627
1129,SetMusic(),694848197459,694848198087,628
1130,SetMusic(),694848207478,694848208073,595
1131,SetMusic(),694848217518,694848218146,628
1132,SetMusic(),694848227450,694848231912,4462
1133,SetMusic(),694848237811,694848238319,508
1134,SetMusic(),694848247125,694848247354,229
1135,SetMusic(),694848257290,694848257665,375
1136,SetMusic(),694848267343,694848267917,574
1137,SetMusic(),694848277426,694848278012,586
1138,SetMusic(),694848287337,694848287842,505
1139,SetMusic(),694848297388,694848302458,5070
1140,SetMusic(),694848307183,694848307736,553
1141,SetMusic(),694848317254,694848317837,583
1142,SetMusic(),694848327261,694848327793,532
1143,SetMusic(),694848337172,694848337485,313
1144,SetMusic(),694848347115,694848347316,201
1145,SetMusic(),694848357136,694848360685,3549
1146,SetMusic(),694848367107,694848367483,376
1147,SetMusic(),694848377638,694848378233,595
1148,SetMusic(),694848387316,694848387838,522
1149,SetMusic(),694848397282,694848397852,570
1150,SetMusic(),694848407245,694848407781,536
1151,SetMusic(),694848417286,694848417824,538
1152,SetMusic(),694848427412,694848432379,4967
1153,SetMusic(),694848437106,694848437519,413
1154,SetMusic(),694848447101,694848447421,320
1155,SetMusic(),694848457246,694848457740,494
1156,SetMusic(),694848467232,694848467793,561
1157,SetMusic(),694848477304,694848477850,546
1158,SetMusic(),694848487535,694848493066,5531
1159,SetMusic(),694848497415,694848497985,570
1160,SetMusic(),694848507294,694848507885,591
1161,SetMusic(),694848517548,694848518560,1012
1162,SetMusic(),694848527069,694848527240,171
1163,SetMusic(),694848537167,694848537415,248
1164,SetMusic(),694848547821,694848548393,572
1165,SetMusic(),694848557384,694848562667,5283
1166,SetMusic(),694848567303,694848567786,483
1167,SetMusic(),694848577317,694848577889,572
1168,SetMusic(),694848587393,694848588014,621
1169,SetMusic(),694848597402,694848597978,576
1170,SetMusic(),694848607360,694848607934,574
1171,SetMusic(),694848617456,694848622076,4620
1172,SetMusic(),694848627113,694848627445,332
1173,SetArgSetter5(),694848636974,694848637424,450
1174,SetArgSetter5(),694848646903,694848647154,251
1175,SetArgSetter5(),694848657043,694848657363,320
1176,SetArgSetter5(),694848666970,694848667295,325
1177,SetArgSetter5(),694848677075,694848677352,277
1178,SetArgSetter5(),694848687094,694848688193,1099
1179,SetArgSetter5(),694848697005,694848697210,205
1180,SetArgSetter5(),694848706991,694848707198,207
1181,SetArgSetter5(),694848716894,694848717204,310
1182,SetArgSetter5(),694848727018,694848727560,542
1183,SetArgSetter5(),694848737120,694848737721,601
1184,SetArgSetter5(),694848747261,694848750925,3664
1185,SetArgSetter5(),694848757071,694848757922,851
1186,SetArgSetter5(),694848767296,694848768676,1380
1187,SetArgSetter5(),694848777366,694848779056,1690
1188,SetArgSetter5(),694848787179,694848788101,922
1189,SetArgSetter5(),694848797391,694848798599,1208
1190,SetArgSetter5(),694848807312,694848808964,1652
1191,SetArgSetter5(),694848817416,694848822414,4998
1192,SetArgSetter5(),694848827141,694848828291,1150
1193,SetArgSetter5(),694848837227,694848838480,1253
1194,SetArgSetter5(),694848847551,694848849392,1841
1195,SetArgSetter5(),694848857409,694848859613,2204
1196,SetArgSetter5(),694848867399,694848869247,1848
1197,SetArgSetter5(),694848877351,694848882316,4965
1198,SetArgSetter5(),694848887142,694848888116,974
1199,SetArgSetter5(),694848897135,694848898163,1028
1200,SetArgSetter5(),694848907112,694848908353,1241
1201,SetArgSetter5(),694848917227,694848918859,1632
1202,SetArgSetter5(),694848927213,694848928626,1413
1203,SetArgSetter5(),694848937536,694848939369,1833
1204,SetArgSetter5(),694848947207,694848953161,5954
1205,SetArgSetter5(),694848957268,694848958488,1220
1206,SetArgSetter5(),694848967690,694848969087,1397
1207,SetArgSetter5(),694848977391,694848978863,1472
1208,SetArgSetter5(),694848987283,694848988769,1486
1209,SetArgSetter5(),694848997219,694848999019,1800
1210,SetArgSetter5(),694849007377,694849012293,4916
1211,SetArgSetter5(),694849017093,694849017820,727
1212,SetArgSetter5(),694849026932,694849027368,436
1213,SetArgSetter5(),694849037086,694849038117,1031
1214,SetArgSetter5(),694849047335,694849048963,1628
1215,SetArgSetter5(),694849057493,694849059510,2017
1216,SetArgSetter5(),694849067356,694849069029,1673
1217,SetArgSetter5(),694849077230,694849080782,3552
1218,SetArgSetter5(),694849087049,694849087932,883
1219,SetArgSetter5(),694849097290,694849098385,1095
1220,SetArgSetter5(),694849107132,694849108125,993
1221,SetArgSetter5(),694849117254,694849118472,1218
1222,SetArgSetter5(),694849127296,694849128493,1197
1223,SetArgSetter5(),694849137499,694849141307,3808
1224,SetArgSetter5(),694849147062,694849148063,1001
1225,SetArgSetter5(),694849157207,694849158245,1038
1226,SetArgSetter5(),694849167275,694849168649,1374
1227,SetArgSetter5(),694849177423,694849179274,1851
1228,SetArgSetter5(),694849187370,694849189198,1828
1229,SetArgSetter5(),694849197695,694849199523,1828
1230,SetArgSetter5(),694849207360,694849213523,6163
1231,SetArgSetter5(),694849217071,694849217849,778
1232,SetArgSetter5(),694849227198,694849228257,1059
1233,SetArgSetter5(),694849237379,694849238684,1305
1234,SetArgSetter5(),694849247385,694849249211,1826
1235,SetArgSetter5(),694849257251,694849258945,1694
1236,SetArgSetter5(),694849266991,694849268493,1502
1237,SetArgSetter5(),694849277061,694849277593,532
1238,SetArgSetter5(),694849287012,694849287387,375
1239,SetArgSetter5(),694849297115,694849297812,697
1240,SetArgSetter5(),694849307293,694849308633,1340
1241,SetArgSetter5(),694849317221,694849318331,1110
1242,SetArgSetter5(),694849327420,694849328990,1570
1243,SetArgSetter5(),694849337686,694849339758,2072
1244,SetArgSetter5(),694849347046,694849347269,223
1245,SetArgSetter5(),694849357025,694849357395,370
1246,SetArgSetter5(),694849367039,694849367710,671
1247,SetArgSetter5(),694849377139,694849378099,960
1248,SetArgSetter5(),694849387274,694849388176,902
1249,SetArgSetter5(),694849397321,694849402553,5232
1250,SetArgSetter5(),694849407384,694849408898,1514
1251,SetArgSetter5(),694849417584,694849419434,1850
1252,SetArgSetter5(),694849427428,694849429265,1837
1253,SetArgSetter5(),694849437445,694849439308,1863
1254,SetArgSetter5(),694849447279,694849448845,1566
1255,SetArgSetter5(),694849456965,694849457181,216
1256,SetArgSetter5(),694849467018,694849468194,1176
1257,SetArgSetter5(),694849477004,694849477552,548
1258,SetArgSetter5(),694849487075,694849488079,1004
1259,SetArgSetter5(),694849497053,694849497645,592
1260,SetArgSetter5(),694849507546,694849509083,1537
1261,SetArgSetter5(),694849517274,694849518353,1079
1262,SetArgSetter5(),694849526988,694849528685,1697
1263,SetArgSetter5(),694849537059,694849537932,873
1264,SetArgSetter5(),694849547128,694849548197,1069
1265,SetArgSetter5(),694849557263,694849558721,1458
1266,SetArgSetter5(),694849567302,694849569161,1859
1267,SetArgSetter5(),694849577307,694849579094,1787
1268,SetArgSetter5(),694849587270,694849589035,1765
1269,SetArgSetter5(),694849597194,694849603086,5892
1270,SetArgSetter5(),694849607131,694849608127,996
1271,SetArgSetter5(),694849617358,694849619771,2413
1272,SetArgSetter5(),694849627136,694849627698,562
1273,SetArgSetter5(),694849636926,694849637142,216
1274,SetArgSetter5(),694849646866,694849647086,220
1275,SetArgSetter5(),694849656880,694849657600,720
1276,SetArgSetter5(),694849666879,694849667124,245
1277,SetArgSetter5(),694849676974,694849677174,200
1278,SetArgSetter5(),694849686963,694849687153,190
1279,SetArgSetter5(),694849696918,694849697268,350
1280,SetArgSetter5(),694849706938,694849707361,423
1281,SetArgSetter5(),694849716967,694849717594,627
1282,SetArgSetter5(),694849727195,694849731698,4503
1283,SetArgSetter5(),694849737407,694849738670,1263
1284,SetArgSetter5(),694849747432,694849748837,1405
1285,SetArgSetter5(),694849757298,694849758384,1086
1286,SetArgSetter5(),694849767258,694849768411,1153
1287,SetArgSetter5(),694849777428,694849778422,994
1288,SetArgSetter5(),694849787087,694849789291,2204
1289,SetArgSetter5(),694849797052,694849797605,553
1290,SetArgSetter5(),694849807152,694849807948,796
1291,SetArgSetter5(),694849817124,694849817983,859
1292,SetArgSetter5(),694849827126,694849828149,1023
1293,SetArgSetter5(),694849837420,694849839026,1606
1294,SetArgSetter5(),694849847363,694849848670,1307
1295,SetArgSetter5(),694849857243,694849861424,4181
1296,SetArgSetter5(),694849867390,694849869053,1663
1297,SetArgSetter5(),694849877399,694849879210,1811
1298,SetArgSetter5(),694849887472,694849889256,1784
1299,SetArgSetter5(),694849897439,694849899316,1877
1300,SetArgSetter5(),694849907555,694849909411,1856
1301,SetArgSetter5(),694849917433,694849922968,5535
1302,SetArgSetter5(),694849927257,694849928437,1180
1303,SetArgSetter5(),694849937328,694849939107,1779
1304,SetArgSetter5(),694849947446,694849949293,1847
1305,SetArgSetter5(),694849957333,694849958696,1363
1306,SetArgSetter5(),694849967265,694849968509,1244
1307,SetArgSetter5(),694849977242,694849978464,1222
1308,SetArgSetter5(),694849987338,694849992044,4706
1309,SetArgSetter5(),694849997133,694849998098,965
1310,SetArgSetter5(),694850007466,694850008738,1272
1311,SetArgSetter5(),694850017128,694850018518,1390
1312,SetArgSetter5(),694850027060,694850027513,453
1313,SetArgSetter5(),694850037049,694850037746,697
1314,SetArgSetter5(),694850047107,694850049779,2672
1315,SetArgSetter5(),694850057042,694850057686,644
1316,SetArgSetter5(),694850067075,694850068061,986
1317,SetArgSetter5(),694850077172,694850078426,1254
1318,SetArgSetter5(),694850087283,694850088795,1512
1319,SetArgSetter5(),694850097469,694850099247,1778
1320,SetArgSetter5(),694850107178,694850108081,903
1321,SetArgSetter5(),694850117289,694850122348,5059
1322,SetArgSetter5(),694850127395,694850128961,1566
1323,SetArgSetter5(),694850137413,694850138989,1576
1324,SetArgSetter5(),694850147468,694850149387,1919
1325,SetArgSetter5(),694850157342,694850159190,1848
1326,SetArgSetter5(),694850167351,694850168941,1590
1327,SetArgSetter5(),694850177356,694850182696,5340
1328,SetArgSetter5(),694850187216,694850188319,1103
1329,SetArgSetter5(),694850197259,694850198533,1274
1330,SetArgSetter5(),694850207384,694850209179,1795
1331,SetArgSetter5(),694850217298,694850219082,1784
1332,SetArgSetter5(),694850227469,694850229680,2211
1333,SetArgSetter5(),694850237084,694850237617,533
1334,SetArgSetter5(),694850246874,694850247634,760
1335,SetArgSetter5(),694850256867,694850257088,221
1336,SetArgSetter5(),694850266961,694850267164,203
1337,SetArgSetter5(),694850276936,694850277176,240
1338,SetArgSetter5(),694850286960,694850287334,374
1339,SetArgSetter5(),694850297019,694850297615,596
1340,SetArgSetter5(),694850307091,694850309669,2578
1341,SetArgSetter5(),694850316884,694850317095,211
1342,SetArgSetter5(),694850326970,694850327200,230
1343,SetArgSetter5(),694850336886,694850337164,278
1344,SetArgSetter5(),694850346987,694850347435,448
1345,SetArgSetter5(),694850357006,694850357535,529
1346,SetArgSetter5(),694850367118,694850367816,698
1347,SetArgSetter5(),694850377095,694850380182,3087
1348,SetArgSetter5(),694850387037,694850387679,642
1349,SetArgSetter5(),694850397214,694850398352,1138
1350,SetArgSetter5(),694850407362,694850408672,1310
1351,SetArgSetter5(),694850417175,694850418136,961
1352,SetArgSetter5(),694850427467,694850428863,1396
1353,SetArgSetter5(),694850437560,694850443663,6103
1354,SetArgSetter5(),694850447202,694850448369,1167
1355,SetArgSetter5(),694850457282,694850459158,1876
1356,SetArgSetter5(),694850467213,694850468203,990
1357,SetArgSetter5(),694850477246,694850478327,1081
1358,SetArgSetter5(),694850487144,694850488425,1281
1359,SetArgSetter5(),694850496892,694850497231,339
1360,SetArgSetter5(),694850506947,694850508758,1811
1361,SetArgSetter5(),694850516970,694850517633,663
1362,SetArgSetter5(),694850527040,694850527497,457
1363,SetArgSetter5(),694850536994,694850537321,327
1364,SetArgSetter5(),694850546964,694850547161,197
1365,SetArgSetter5(),694850556949,694850557146,197
1366,SetArgSetter5(),694850566965,694850568228,1263
1367,SetArgSetter5(),694850576967,694850577424,457
1368,SetArgSetter5(),694850587357,694850588045,688
1369,SetArgSetter5(),694850597246,694850598314,1068
1370,SetArgSetter5(),694850607178,694850608092,914
1371,SetArgSetter5(),694850617135,694850618176,1041
1372,SetArgSetter5(),694850627237,694850628526,1289
1373,SetArgSetter5(),694850637298,694850641229,3931
1374,SetArgSetter5(),694850647285,694850648319,1034
1375,SetArgSetter5(),694850657128,694850657951,823
1376,SetArgSetter5(),694850667128,694850668030,902
1377,SetArgSetter5(),694850677142,694850678074,932
1378,SetArgSetter5(),694850686997,694850687211,214
1379,SetArgSetter5(),694850697011,694850697969,958
1380,SetArgSetter5(),694850707001,694850707493,492
1381,SetArgSetter5(),694850717153,694850717943,790
1382,SetArgSetter5(),694850727212,694850728305,1093
1383,SetArgSetter5(),694850737268,694850738796,1528
1384,SetArgSetter5(),694850747404,694850749227,1823
1385,SetArgSetter5(),694850757330,694850759213,1883
1386,SetArgSetter5(),694850767371,694850773035,5664
1387,SetArgSetter5(),694850777172,694850778929,1757
1388,SetArgSetter5(),694850787219,694850789552,2333
1389,SetArgSetter5(),694850797353,694850799153,1800
1390,SetArgSetter5(),694850807542,694850809226,1684
1391,SetArgSetter5(),694850817275,694850818976,1701
1392,SetArgSetter5(),694850827335,694850831274,3939
1393,SetArgSetter5(),694850837073,694850837760,687
1394,SetArgSetter5(),694850847172,694850848114,942
1395,SetArgSetter5(),694850857092,694850857816,724
1396,SetArgSetter5(),694850867370,694850868281,911
1397,SetArgSetter5(),694850877306,694850878695,1389
1398,SetArgSetter5(),694850887525,694850889357,1832
1399,SetArgSetter5(),694850897496,694850902370,4874
1400,SetArgSetter5(),694850907141,694850908177,1036
1401,SetArgSetter5(),694850917305,694850918788,1483
1402,SetArgSetter5(),694850927761,694850929626,1865
1403,SetArgSetter5(),694850937381,694850939198,1817
1404,SetArgSetter5(),694850947433,694850949210,1777
1405,SetArgSetter5(),694850957378,694850963395,6017
1406,SetArgSetter5(),694850967268,694850968430,1162
1407,SetArgSetter5(),694850977270,694850978481,1211
1408,SetArgSetter5(),694850987262,694850988762,1500
1409,SetArgSetter5(),694850997379,694850999023,1644
1410,SetArgSetter5(),694851007423,694851008968,1545
1411,SetArgSetter5(),694851017326,694851019080,1754
1412,SetArgSetter5(),694851026908,694851027626,718
1413,SetArgSetter5(),694851036927,694851037261,334
1414,SetArgSetter5(),694851047035,694851047633,598
1415,SetArgSetter5(),694851057129,694851058334,1205
1416,SetArgSetter5(),694851067798,694851069570,1772
1417,SetArgSetter5(),694851077270,694851078834,1564
1418,SetArgSetter5(),694851087330,694851091692,4362
1419,SetArgSetter5(),694851097064,694851098007,943
1420,SetArgSetter5(),694851107126,694851108031,905
1421,SetArgSetter5(),694851117193,694851118239,1046
1422,SetArgSetter5(),694851127308,694851128698,1390
1423,SetArgSetter5(),694851137415,694851138875,1460
1424,SetArgSetter5(),694851147306,694851148686,1380
1425,SetArgSetter5(),694851157229,694851162474,5245
1426,SetArgSetter5(),694851167120,694851168016,896
1427,SetArgSetter5(),694851177536,694851179176,1640
1428,SetArgSetter5(),694851187222,694851188993,1771
1429,SetArgSetter5(),694851197419,694851198940,1521
1430,SetArgSetter5(),694851207643,694851209435,1792
1431,SetArgSetter5(),694851217329,694851222766,5437
1432,SetArgSetter5(),694851227100,694851228058,958
1433,SetArgSetter5(),694851237309,694851238715,1406
1434,SetArgSetter5(),694851247366,694851248787,1421
1435,SetArgSetter5(),694851257193,694851258454,1261
1436,SetArgSetter5(),694851267324,694851269622,2298
1437,SetArgSetter5(),694851277413,694851279223,1810
1438,SetArgSetter5(),694851287400,694851291607,4207
1439,SetArgSetter5(),694851297213,694851298180,967
1440,SetArgSetter5(),694851307196,694851308348,1152
1441,SetArgSetter5(),694851317414,694851318684,1270
1442,SetArgSetter5(),694851327324,694851328697,1373
1443,SetArgSetter5(),694851337221,694851338110,889
1444,SetArgSetter5(),694851347116,694851350456,3340
1445,SetArgSetter5(),694851357162,694851358130,968
1446,SetArgSetter5(),694851367380,694851368901,1521
1447,SetArgSetter5(),694851377396,694851380008,2612
1448,SetArgSetter5(),694851387246,694851388514,1268
1449,SetArgSetter5(),694851397233,694851398669,1436
1450,SetArgSetter5(),694851407355,694851408868,1513
1451,SetArgSetter5(),694851417352,694851422856,5504
1452,SetArgSetter5(),694851427391,694851428493,1102
1453,SetArgSetter5(),694851437608,694851439096,1488
1454,SetArgSetter5(),694851447514,694851449152,1638
1455,SetArgSetter5(),694851457478,694851459140,1662
1456,SetArgSetter5(),694851467331,694851469162,1831
1457,SetArgSetter5(),694851477286,694851481007,3721
1458,SetArgSetter5(),694851486952,694851487256,304
1459,SetArgSetter5(),694851496896,694851497163,267
1460,SetArgSetter5(),694851506931,694851507297,366
1461,SetArgSetter5(),694851516984,694851517796,812
1462,SetArgSetter5(),694851526971,694851527269,298
1463,SetArgSetter5(),694851536983,694851537397,414
1464,SetArgSetter5(),694851547019,694851550089,3070
1465,SetArgSetter5(),694851557036,694851557807,771
1466,SetArgSetter5(),694851567167,694851568366,1199
1467,SetArgSetter5(),694851577162,694851578880,1718
1468,SetArgSetter5(),694851587432,694851589153,1721
1469,SetArgSetter5(),694851597280,694851598558,1278
1470,SetArgSetter5(),694851607448,694851613010,5562
1471,SetArgSetter5(),694851617085,694851618099,1014
1472,SetArgSetter5(),694851627282,694851628738,1456
1473,SetArgSetter5(),694851637232,694851638858,1626
1474,SetArgSetter5(),694851647353,694851648972,1619
1475,SetArgSetter5(),694851657614,694851659251,1637
1476,SetArgSetter5(),694851667350,694851669132,1782
1477,SetArgSetter5(),694851677297,694851683499,6202
1478,SetArgSetter5(),694851687178,694851688861,1683
1479,SetArgSetter5(),694851697341,694851698987,1646
1480,SetArgSetter5(),694851707125,694851708218,1093
1481,SetArgSetter5(),694851717362,694851719708,2346
1482,SetArgSetter5(),694851726901,694851727098,197
1483,SetArgSetter5(),694851736959,694851738627,1668
1484,SetArgSetter5(),694851747045,694851747856,811
1485,SetArgSetter5(),694851757154,694851758286,1132
1486,SetArgSetter5(),694851767266,694851768794,1528
1487,SetArgSetter5(),694851777276,694851778904,1628
1488,SetArgSetter5(),694851787391,694851788780,1389
1489,SetArgSetter5(),694851797305,694851798588,1283
1490,SetArgSetter5(),694851807340,694851811675,4335
1491,SetArgSetter5(),694851817078,694851817847,769
1492,SetArgSetter5(),694851827206,694851828579,1373
1493,SetArgSetter5(),694851837201,694851838492,1291
1494,SetArgSetter5(),694851847368,694851848556,1188
1495,SetArgSetter5(),694851857207,694851859192,1985
1496,SetArgSetter5(),694851867241,694851872158,4917
1497,SetArgSetter5(),694851877105,694851878075,970
1498,SetArgSetter5(),694851887211,694851889034,1823
1499,SetArgSetter5(),694851897417,694851899223,1806
1500,SetArgSetter5(),694851907348,694851908498,1150
1501,SetArgSetter5(),694851917284,694851918854,1570
1502,SetArgSetter5(),694851927510,694851929001,1491
1503,SetArgSetter5(),694851937385,694851942576,5191
1504,SetArgSetter5(),694851947249,694851948298,1049
1505,SetArgSetter5(),694851957348,694851958858,1510
1506,SetArgSetter5(),694851967468,694851969029,1561
1507,SetArgSetter5(),694851977353,694851979190,1837
1508,SetArgSetter5(),694851987386,694851989212,1826
1509,SetArgSetter5(),694851997372,694852002667,5295
1510,SetArgSetter5(),694852007190,694852008684,1494
1511,SetArgSetter5(),694852017362,694852019088,1726
1512,SetArgSetter5(),694852026863,694852027069,206
1513,SetArgSetter5(),694852036978,694852037548,570
1514,SetArgSetter5(),694852047150,694852048103,953
1515,SetArgSetter5(),694852057404,694852058939,1535
1516,SetArgSetter5(),694852067299,694852072101,4802
1517,SetArgSetter5(),694852077065,694852077992,927
1518,SetArgSetter5(),694852087759,694852089163,1404
1519,SetArgSetter5(),694852097314,694852098941,1627
1520,SetArgSetter5(),694852107182,694852108698,1516
1521,SetArgSetter5(),694852117201,694852117571,370
1522,SetArgSetter8(),694852126992,694852128325,1333
1523,SetArgSetter8(),694852136977,694852137481,504
1524,SetArgSetter8(),694852147007,694852147464,457
1525,SetArgSetter8(),694852157137,694852159150,2013
1526,SetArgSetter8(),694852167058,694852167857,799
1527,SetArgSetter8(),694852177132,694852178451,1319
1528,SetArgSetter8(),694852187135,694852190630,3495
1529,SetArgSetter8(),694852197152,694852198182,1030
1530,SetArgSetter8(),694852207083,694852207957,874
1531,SetArgSetter8(),694852217057,694852219621,2564
1532,SetArgSetter8(),694852227172,694852228577,1405
1533,SetArgSetter8(),694852237253,694852239153,1900
1534,SetArgSetter8(),694852247280,694852248555,1275
1535,SetArgSetter8(),694852256938,694852258816,1878
1536,SetArgSetter8(),694852266972,694852267427,455
1537,SetArgSetter8(),694852277067,694852277686,619
1538,SetArgSetter8(),694852287080,694852290088,3008
1539,SetArgSetter8(),694852297198,694852298531,1333
1540,SetArgSetter8(),694852307267,694852308885,1618
1541,SetArgSetter8(),694852317316,694852321999,4683
1542,SetArgSetter8(),694852327266,694852328652,1386
1543,SetArgSetter8(),694852337289,694852338760,1471
1544,SetArgSetter8(),694852347123,694852349284,2161
1545,SetArgSetter8(),694852357090,694852357871,781
1546,SetArgSetter8(),694852367155,694852368622,1467
1547,SetArgSetter8(),694852377281,694852381016,3735
1548,SetArgSetter8(),694852387143,694852388414,1271
1549,SetArgSetter8(),694852397149,694852398744,1595
1550,SetArgSetter8(),694852407278,694852409386,2108
1551,SetArgSetter8(),694852417339,694852420963,3624
1552,SetArgSetter8(),694852427237,694852428805,1568
1553,SetArgSetter8(),694852437220,694852438051,831
1554,SetArgSetter8(),694852447004,694852448562,1558
1555,SetArgSetter8(),694852457116,694852458128,1012
1556,SetArgSetter8(),694852467218,694852468627,1409
1557,SetArgSetter8(),694852477356,694852482536,5180
1558,SetArgSetter8(),694852487292,694852488813,1521
1559,SetArgSetter8(),694852497265,694852499183,1918
1560,SetArgSetter8(),694852507439,694852513331,5892
1561,SetArgSetter8(),694852517307,694852519502,2195
1562,SetArgSetter8(),694852527296,694852528627,1331
1563,SetArgSetter8(),694852537013,694852538595,1582
1564,SetArgSetter8(),694852547051,694852547880,829
1565,SetArgSetter8(),694852557207,694852558741,1534
1566,SetArgSetter8(),694852567477,694852569357,1880
1567,SetArgSetter8(),694852577297,694852580622,3325
1568,SetArgSetter8(),694852587102,694852587965,863
1569,SetArgSetter8(),694852597074,694852598385,1311
1570,SetArgSetter8(),694852607204,694852610064,2860
1571,SetArgSetter8(),694852617174,694852618084,910
1572,SetArgSetter8(),694852627041,694852628338,1297
1573,SetArgSetter8(),694852637083,694852639285,2202
1574,SetArgSetter8(),694852646895,694852647165,270
1575,SetArgSetter8(),694852656939,694852657279,340
1576,SetArgSetter8(),694852666911,694852668016,1105
1577,SetArgSetter8(),694852676996,694852677407,411
1578,SetArgSetter8(),694852686886,694852687157,271
1579,SetArgSetter8(),694852696920,694852697611,691
1580,SetArgSetter8(),694852706894,694852707190,296
1581,SetArgSetter8(),694852716893,694852717154,261
1582,SetArgSetter8(),694852726930,694852727227,297
1583,SetArgSetter8(),694852736968,694852737672,704
1584,SetArgSetter8(),694852746890,694852747147,257
1585,SetArgSetter8(),694852756955,694852757213,258
1586,SetArgSetter8(),694852766934,694852768122,1188
1587,SetArgSetter8(),694852776998,694852777657,659
1588,SetArgSetter8(),694852787119,694852788340,1221
1589,SetArgSetter8(),694852797129,694852800148,3019
1590,SetArgSetter8(),694852807214,694852808199,985
1591,SetArgSetter8(),694852817253,694852819155,1902
1592,SetArgSetter8(),694852827209,694852830462,3253
1593,SetArgSetter8(),694852837070,694852837925,855
1594,SetArgSetter8(),694852847143,694852848300,1157
1595,SetArgSetter8(),694852857132,694852859588,2456
1596,SetArgSetter8(),694852867053,694852867971,918
1597,SetArgSetter8(),694852877159,694852878053,894
1598,SetArgSetter8(),694852887142,694852888286,1144
1599,SetArgSetter8(),694852897196,694852900714,3518
1600,SetArgSetter8(),694852907240,694852909077,1837
1601,SetArgSetter8(),694852917267,694852919453,2186
1602,SetArgSetter8(),694852927657,694852932896,5239
1603,SetArgSetter8(),694852937418,694852939601,2183
1604,SetArgSetter8(),694852947240,694852948263,1023
1605,SetArgSetter8(),694852957051,694852957815,764
1606,SetArgSetter8(),694852966963,694852967471,508
1607,SetArgSetter8(),694852977020,694852977713,693
1608,SetArgSetter8(),694852987049,694852990045,2996
1609,SetArgSetter8(),694852997042,694852997969,927
1610,SetArgSetter8(),694853007106,694853008285,1179
1611,SetArgSetter8(),694853017208,694853021282,4074
1612,SetArgSetter8(),694853026962,694853027547,585
1613,SetArgSetter8(),694853037072,694853037993,921
1614,SetArgSetter8(),694853047213,694853048646,1433
1615,SetArgSetter8(),694853057221,694853061033,3812
1616,SetArgSetter8(),694853067119,694853068184,1065
1617,SetArgSetter8(),694853077316,694853078581,1265
1618,SetArgSetter8(),694853087237,694853089643,2406
1619,SetArgSetter8(),694853097184,694853098138,954
1620,SetArgSetter8(),694853107104,694853108417,1313
1621,SetArgSetter8(),694853117131,694853119915,2784
1622,SetArgSetter8(),694853127062,694853128139,1077
1623,SetArgSetter8(),694853136967,694853137467,500
1624,SetArgSetter8(),694853147045,694853148294,1249
1625,SetArgSetter8(),694853156986,694853157228,242
1626,SetArgSetter8(),694853166942,694853167178,236
1627,SetArgSetter8(),694853176991,694853178100,1109
1628,SetArgSetter8(),694853186971,694853187541,570
1629,SetArgSetter8(),694853197072,694853197923,851
1630,SetArgSetter8(),694853207098,694853208072,974
1631,SetArgSetter8(),694853217140,694853219963,2823
1632,SetArgSetter8(),694853227216,694853228291,1075
1633,SetArgSetter8(),694853237661,694853239626,1965
1634,SetArgSetter8(),694853247237,694853250336,3099
1635,SetArgSetter8(),694853257074,694853257998,924
1636,SetArgSetter8(),694853267269,694853268937,1668
1637,SetArgSetter8(),694853277331,694853281806,4475
1638,SetArgSetter8(),694853287159,694853288159,1000
1639,SetArgSetter8(),694853297218,694853298646,1428
1640,SetArgSetter8(),694853307229,694853310455,3226
1641,SetArgSetter8(),694853317150,694853318114,964
1642,SetArgSetter8(),694853327140,694853328207,1067
1643,SetArgSetter8(),694853336998,694853339344,2346
1644,SetArgSetter8(),694853347351,694853348277,926
1645,SetArgSetter8(),694853357212,694853358478,1266
1646,SetArgSetter8(),694853367138,694853367714,576
1647,SetArgSetter8(),694853377108,694853380143,3035
1648,SetArgSetter8(),694853387096,694853388300,1204
1649,SetArgSetter8(),694853397041,694853397815,774
1650,SetArgSetter8(),694853407122,694853410097,2975
1651,SetArgSetter8(),694853417096,694853418040,944
1652,SetArgSetter8(),694853427214,694853428524,1310
1653,SetArgSetter8(),694853437446,694853441932,4486
1654,SetArgSetter8(),694853447208,694853448610,1402
1655,SetArgSetter8(),694853457355,694853459207,1852
1656,SetArgSetter8(),694853467393,694853472868,5475
1657,SetArgSetter8(),694853477213,694853478396,1183
1658,SetArgSetter8(),694853487359,694853488753,1394
1659,SetArgSetter8(),694853497377,694853500909,3532
1660,SetArgSetter8(),694853507081,694853507814,733
1661,SetArgSetter8(),694853517070,694853518137,1067
1662,SetArgSetter8(),694853527022,694853527460,438
1663,SetArgSetter8(),694853537009,694853539277,2268
1664,SetArgSetter8(),694853547123,694853548336,1213
1665,SetArgSetter8(),694853557183,694853558712,1529
1666,SetArgSetter8(),694853567173,694853570498,3325
1667,SetArgSetter8(),694853577074,694853578175,1101
1668,SetArgSetter8(),694853587122,694853588328,1206
1669,SetArgSetter8(),694853597202,694853600177,2975
1670,SetArgSetter8(),694853607086,694853608100,1014
1671,SetArgSetter8(),694853617097,694853618111,1014
1672,SetArgSetter8(),694853627496,694853632163,4667
1673,SetArgSetter8(),694853637250,694853638370,1120
1674,SetArgSetter8(),694853647215,694853648442,1227
1675,SetArgSetter8(),694853657265,694853661699,4434
1676,SetArgSetter8(),694853667419,694853669627,2208
1677,SetArgSetter8(),694853677371,694853679596,2225
1678,SetArgSetter8(),694853687341,694853690007,2666
1679,SetArgSetter8(),694853697424,694853702947,5523
1680,SetArgSetter8(),694853707190,694853708366,1176
1681,SetArgSetter8(),694853717372,694853719447,2075
1682,SetArgSetter8(),694853727347,694853731472,4125
1683,SetArgSetter8(),694853737175,694853738343,1168
1684,SetArgSetter8(),694853747392,694853750277,2885
1685,SetArgSetter8(),694853757247,694853760382,3135
1686,SetArgSetter8(),694853767091,694853767968,877
1687,SetArgSetter8(),694853777244,694853778615,1371
1688,SetArgSetter8(),694853787309,694853791711,4402
1689,SetArgSetter8(),694853797178,694853798158,980
1690,SetArgSetter8(),694853807229,694853808540,1311
1691,SetArgSetter8(),694853817186,694853820306,3120
1692,SetArgSetter8(),694853827198,694853828482,1284
1693,SetArgSetter8(),694853837351,694853839020,1669
1694,SetArgSetter8(),694853847254,694853848796,1542
1695,SetArgSetter8(),694853857553,694853862313,4760
1696,SetArgSetter8(),694853867256,694853868486,1230
1697,SetArgSetter8(),694853877207,694853878422,1215
1698,SetArgSetter8(),694853887242,694853891427,4185
1699,SetArgSetter8(),694853897207,694853898635,1428
1700,SetArgSetter8(),694853907104,694853907979,875
1701,SetArgSetter8(),694853917064,694853919923,2859
1702,SetArgSetter8(),694853927019,694853927739,720
1703,SetArgSetter8(),694853937286,694853938456,1170
1704,SetArgSetter8(),694853947266,694853951224,3958
1705,SetArgSetter8(),694853957144,694853958087,943
1706,SetArgSetter8(),694853967134,694853968962,1828
1707,SetArgSetter8(),694853976880,694853977558,678
1708,SetArgSetter8(),694853987042,694853987602,560
1709,SetArgSetter8(),694853997096,694853997933,837
1710,SetArgSetter8(),694854007065,694854007998,933
1711,SetArgSetter8(),694854017096,694854021448,4352
1712,SetArgSetter8(),694854026886,694854027139,253
1713,SetArgSetter8(),694854037003,694854037428,425
1714,SetArgSetter8(),694854047069,694854049027,1958
1715,SetArgSetter8(),694854057199,694854058258,1059
1716,SetArgSetter8(),694854067238,694854068820,1582
1717,SetArgSetter8(),694854077432,694854082964,5532
1718,SetArgSetter8(),694854087248,694854088887,1639
1719,SetArgSetter8(),694854097352,694854099633,2281
1720,SetArgSetter8(),694854107586,694854112256,4670
1721,SetArgSetter8(),694854117489,694854119250,1761
1722,SetArgSetter8(),694854127280,694854128703,1423
1723,SetArgSetter8(),694854137495,694854142205,4710
1724,SetArgSetter8(),694854147171,694854148568,1397
1725,SetArgSetter8(),694854157203,694854158450,1247
1726,SetArgSetter8(),694854167348,694854170060,2712
1727,SetArgSetter8(),694854177290,694854181145,3855
1728,SetArgSetter8(),694854186987,694854187817,830
1729,SetArgSetter8(),694854197017,694854198270,1253
1730,SetArgSetter8(),694854207179,694854210408,3229
1731,SetArgSetter8(),694854217128,694854218630,1502
1732,SetArgSetter8(),694854227249,694854229051,1802
1733,SetArgSetter8(),694854237209,694854240699,3490
1734,SetArgSetter8(),694854247058,694854248583,1525
1735,SetArgSetter8(),694854257024,694854257457,433
1736,SetArgSetter8(),694854267053,694854268490,1437
1737,SetArgSetter8(),694854277092,694854277807,715
1738,SetArgSetter8(),694854287151,694854288178,1027
1739,SetArgSetter8(),694854297196,694854300093,2897
1740,SetArgSetter8(),694854307087,694854308040,953
1741,SetArgSetter8(),694854317118,694854318352,1234
1742,SetArgSetter8(),694854327498,694854329556,2058
1743,SetArgSetter8(),694854337206,694854339482,2276
1744,SetArgSetter8(),694854346990,694854347650,660
1745,SetArgSetter8(),694854357165,694854358073,908
1746,SetArgSetter8(),694854367175,694854369982,2807
1747,SetArgSetter8(),694854377076,694854377923,847
1748,SetArgSetter8(),694854387176,694854388420,1244
1749,SetArgSetter8(),694854397186,694854399517,2331
1750,SetArgSetter8(),694854407102,694854407854,752
1751,SetArgSetter8(),694854417187,694854419360,2173
1752,SetArgSetter8(),694854427252,694854432082,4830
1753,SetArgSetter8(),694854437238,694854438492,1254
1754,SetArgSetter8(),694854447353,694854449324,1971
1755,SetArgSetter8(),694854457324,694854461280,3956
1756,SetArgSetter8(),694854467128,694854468294,1166
1757,SetArgSetter8(),694854477304,694854479091,1787
1758,SetArgSetter8(),694854487336,694854489161,1825
1759,SetArgSetter8(),694854497461,694854501930,4469
1760,SetArgSetter8(),694854507122,694854508548,1426
1761,SetArgSetter8(),694854517338,694854518707,1369
1762,SetArgSetter8(),694854527172,694854529031,1859
1763,SetArgSetter8(),694854536952,694854537343,391
1764,SetArgSetter8(),694854547000,694854547781,781
1765,SetArgSetter8(),694854557144,694854561925,4781
1766,SetArgSetter8(),694854567251,694854568995,1744
1767,SetArgSetter8(),694854577172,694854578701,1529
1768,SetArgSetter8(),694854587452,694854593519,6067
1769,SetArgSetter8(),694854597500,694854599578,2078
1770,SetArgSetter8(),694854607304,694854609102,1798
1771,SetArgSetter8(),694854617400,694854622876,5476
1772,SetArgSetter8(),694854627241,694854628513,1272
1773,SetArgSetter8(),694854637320,694854639022,1702
1774,SetArgSetter8(),694854647389,694854649658,2269
1775,SetArgSetter8(),694854657318,694854661110,3792
1776,SetArgSetter8(),694854667378,694854668779,1401
1777,SetArgSetter8(),694854677335,694854679593,2258
1778,SetArgSetter8(),694854687369,694854691349,3980
1779,SetArgSetter8(),694854697199,694854698840,1641
1780,SetArgSetter8(),694854707256,694854708851,1595
1781,SetArgSetter8(),694854717486,694854722074,4588
1782,SetArgSetter8(),694854727212,694854728562,1350
1783,SetArgSetter8(),694854737298,694854738900,1602
1784,SetArgSetter8(),694854747201,694854750391,3190
1785,SetArgSetter8(),694854757274,694854757929,655
1786,SetArgSetter8(),694854767006,694854767640,634
1787,SetArgSetter8(),694854777008,694854778898,1890
1788,SetArgSetter8(),694854787000,694854787881,881
1789,SetArgSetter8(),694854797233,694854798479,1246
1790,SetArgSetter8(),694854807458,694854809420,1962
1791,SetArgSetter8(),694854817297,694854822902,5605
1792,SetArgSetter8(),694854827228,694854828681,1453
1793,SetArgSetter8(),694854837635,694854839297,1662
1794,SetArgSetter8(),694854847245,694854850851,3606
1795,SetArgSetter8(),694854857021,694854857818,797
1796,SetArgSetter8(),694854867152,694854868326,1174
1797,SetArgSetter8(),694854877140,694854880352,3212
1798,SetArgSetter8(),694854887060,694854888075,1015
1799,SetArgSetter8(),694854897055,694854898491,1436
1800,SetArgSetter8(),694854907191,694854911413,4222
1801,SetArgSetter8(),694854917160,694854918366,1206
1802,SetArgSetter8(),694854927270,694854929558,2288
1803,SetArgSetter8(),694854937290,694854940738,3448
1804,SetArgSetter8(),694854947166,694854948177,1011
1805,SetArgSetter8(),694854957370,694854958964,1594
1806,SetArgSetter8(),694854967386,694854969536,2150
1807,SetArgSetter8(),694854977425,694854981522,4097
1808,SetArgSetter8(),694854987232,694854988755,1523
1809,SetArgSetter8(),694854997044,694854997570,526
1810,SetArgSetter8(),694855007049,694855008481,1432
1811,SetArgSetter8(),694855017137,694855017991,854
1812,SetArgSetter8(),694855027079,694855027822,743
1813,SetArgSetter8(),694855036958,694855038264,1306
1814,SetArgSetter8(),694855046967,694855047600,633
1815,SetArgSetter8(),694855057040,694855057805,765
1816,SetArgSetter8(),694855067087,694855069879,2792
1817,SetArgSetter8(),694855077161,694855078254,1093
1818,SetArgSetter8(),694855087136,694855088142,1006
1819,SetArgSetter8(),694855097097,694855100851,3754
1820,SetArgSetter8(),694855107065,694855108099,1034
1821,SetArgSetter8(),694855117122,694855118425,1303
1822,SetArgSetter8(),694855127172,694855128725,1553
1823,SetArgSetter8(),694855137172,694855140876,3704
1824,SetArgSetter8(),694855147031,694855148115,1084
1825,SetArgSetter8(),694855157120,694855158620,1500
1826,SetArgSetter8(),694855167189,694855170695,3506
1827,SetArgSetter8(),694855177133,694855178202,1069
1828,SetArgSetter8(),694855187185,694855188763,1578
1829,SetArgSetter8(),694855197236,694855201120,3884
1830,SetArgSetter8(),694855207114,694855208399,1285
1831,SetArgSetter8(),694855217268,694855219531,2263
1832,SetArgSetter8(),694855227129,694855230516,3387
1833,SetArgSetter8(),694855237090,694855238494,1404
1834,SetArgSetter8(),694855247193,694855248666,1473
1835,SetArgSetter8(),694855257176,694855260876,3700
1836,SetArgSetter8(),694855267058,694855268310,1252
1837,SetArgSetter8(),694855277214,694855278903,1689
1838,SetArgSetter8(),694855287242,694855288717,1475
1839,SetArgSetter8(),694855297323,694855301894,4571
1840,SetArgSetter8(),694855307129,694855308636,1507
1841,SetArgSetter8(),694855317240,694855318470,1230
1842,SetArgSetter8(),694855326974,694855327817,843
1843,SetArgSetter8(),694855336875,694855337143,268
1844,SetArgSetter8(),694855346946,694855347349,403
1845,SetArgSetter8(),694855356991,694855358564,1573
1846,SetArgSetter8(),694855367011,694855367819,808
1847,SetArgSetter8(),694855377508,694855379125,1617
1848,SetArgSetter8(),694855387253,694855390888,3635
1849,SetArgSetter8(),694855397108,694855398131,1023
1850,SetArgSetter8(),694855407140,694855408414,1274
1851,SetArgSetter8(),694855417022,694855418793,1771
1852,SetArgSetter8(),694855426969,694855427617,648
1853,SetArgSetter8(),694855437119,694855438412,1293
1854,SetArgSetter8(),694855447119,694855448299,1180
1855,SetArgSetter8(),694855457238,694855459924,2686
1856,SetArgSetter8(),694855467076,694855468128,1052
1857,SetArgSetter8(),694855477136,694855478316,1180
1858,SetArgSetter8(),694855487175,694855490916,3741
1859,SetArgSetter8(),694855497067,694855498150,1083
1860,SetArgSetter8(),694855507135,694855508237,1102
1861,SetArgSetter8(),694855517179,694855521509,4330
1862,SetArgSetter8(),694855526888,694855527183,295
1863,SetArgSetter8(),694855536908,694855537166,258
1864,SetArgSetter8(),694855546964,694855547651,687
1865,SetArgSetter8(),694855556974,694855557246,272
1866,SetArgSetter8(),694855566945,694855567382,437
1867,SetArgSetter8(),694855576931,694855578716,1785
1868,SetArgSetter8(),694855587027,694855587866,839
1869,SetArgSetter8(),694855597060,694855597851,791
1870,SetArgSetter8(),694855607128,694855608000,872
1871,SetArgSetter8(),694855616916,694855617721,805
1872,SetArgSetter8(),694855626941,694855627302,361
1873,SetArgSetter8(),694855636930,694855637193,263
1874,SetArgSetter8(),694855647022,694855647744,722
1875,SetArgSetter8(),694855656924,694855657170,246
1876,SetArgSetter8(),694855666883,694855667135,252
1877,SetArgSetter8(),694855676942,694855677666,724
1878,SetArgSetter8(),694855686929,694855687218,289
1879,SetArgSetter8(),694855696948,694855697233,285
1880,SetArgSetter8(),694855707017,694855707739,722
1881,SetArgSetter8(),694855716939,694855717252,313
1882,SetArgSetter8(),694855726916,694855727209,293
